Time Index,Time,C1,C2,C3,C4,C5,C6,C7,C8,C9,C10,C11,C12,C13,C14,C15,C16
1,0,0,0,0,0,0,0,0,0,0,0,0,0,0,0,0,0
2,0.5,62.9082159760116468,62.9071888718389474,-nan,-nan,-nan,-nan,-nan,-nan,-nan,-nan,-nan,-nan,-nan,-nan,-nan,-nan
3,1,62.9082159760116326,62.9071888718389474,62.9061618354555918,-nan,-nan,-nan,-nan,-nan,-nan,-nan,-nan,-nan,-nan,-nan,-nan,-nan
4,1.5,62.9082159760116468,62.9071888718389616,62.9061618354555918,62.9051348668537855,-nan,-nan,-nan,-nan,-nan,-nan,-nan,-nan,-nan,-nan,-nan,-nan
5,2,62.9082159760116326,62.9071888718389616,62.906161835455606,62.9051348668537784,62.9041079660257552,-nan,-nan,-nan,-nan,-nan,-nan,-nan,-nan,-nan,-nan,-nan
6,2.5,62.9082159760116468,62.9071888718389616,62.9061618354555918,62.9051348668537784,62.9041079660257694,62.9030811329637629,-nan,-nan,-nan,-nan,-nan,-nan,-nan,-nan,-nan,-nan
7,3,62.9082159760116468,62.9071888718389616,62.906161835455606,62.9051348668537855,62.9041079660257552,62.9030811329637629,62.9020543676600212,-nan,-nan,-nan,-nan,-nan,-nan,-nan,-nan,-nan
8,3.5,62.9082159760116468,62.9071888718389474,62.9061618354555776,62.9051348668537855,62.9041079660257552,62.9030811329637629,62.9020543676600354,62.9010276701067781,-nan,-nan,-nan,-nan,-nan,-nan,-nan,-nan
9,4,62.9082159760116468,62.9071888718389474,62.906161835455606,62.9051348668537855,62.9041079660257552,62.9030811329637629,62.9020543676600212,62.9010276701067781,62.9000010402962602,-nan,-nan,-nan,-nan,-nan,-nan,-nan
10,4.5,62.9082159760116326,62.9071888718389616,62.906161835455606,62.9051348668537855,62.9041079660257552,62.9030811329637771,62.9020543676600212,62.9010276701067781,62.9000010402962744,62.8989744782207367,-nan,-nan,-nan,-nan,-nan,-nan
11,5,62.9082159760116326,62.9071888718389616,62.9061618354555918,62.9051348668537855,62.9041079660257552,62.9030811329637771,62.9020543676600354,62.9010276701067923,62.9000010402962602,62.8989744782207225,62.8979479838723989,-nan,-nan,-nan,-nan,-nan
12,5.5,38.6415934732425299,62.9071888718389616,62.9061618354555918,62.9051348668537855,62.9041079660257552,62.9030811329637629,62.902054367660007,62.9010276701067781,62.9000010402962744,62.8989744782207225,62.8979479838723989,62.8969215572435516,-nan,-nan,-nan,-nan
13,5.50391,38.9241626392336357,38.0700461616770269,62.9061618354555918,62.9051348668537784,62.9041079660257694,62.9030811329637771,62.9020543676600354,62.9010276701067781,62.9000010402962602,62.8989744782207225,62.8979479838723918,62.8969215572435374,62.8958951983263503,-nan,-nan,-nan
14,5.75391,39.6149606727236545,38.3327227601509719,38.0010418607319451,62.9051348668537855,62.9041079660257552,62.9030811329637771,62.9020543676600212,62.9010276701067781,62.9000010402962602,62.8989744782207225,62.8979479838724131,62.8969215572435374,62.8958951983263646,62.8948689071131426,-nan,-nan
15,5.76172,40.1624639896687228,38.5906065499216311,38.0661174246533065,62.9214852010931907,62.9041079660257552,62.9030811329637629,62.9020543676600212,62.9010276701067781,62.9000010402962744,62.8989744782207083,62.8979479838723918,62.8969215572435516,62.8958951983263503,62.8948689071131568,62.8938426835961053,-nan
16,6.01172,40.8244748744558663,38.8437984817367834,38.131467114021639,62.9381824259699627,62.906124516841011,62.9030811329637771,62.9020543676600212,62.9010276701067781,62.9000010402962602,62.8989744782207367,62.8979479838723918,62.8969215572435374,62.8958951983263788,62.8948689071131426,62.8938426835961195,62.892816527767522
17,6.01953,41.3052498135422823,39.0927099401263547,38.1970806620280285,62.9552273066081014,62.9082270520720641,62.9032648695908208,62.9020543676600212,62.9010276701067781,62.9000010402962602,62.8989744782207225,62.8979479838723989,62.8969215572435232,62.8958951983263646,62.8948689071131568,62.8938426835960911,62.892816527767522
18,6.26953,41.9439177012297364,39.3373710071806499,38.2629486861408949,62.9726205680070237,62.9104167204950357,62.9034635895303467,62.9020669392136966,62.9010276701067781,62.9000010402962744,62.8989744782207225,62.8979479838723989,62.8969215572435232,62.8958951983263646,62.8948689071131568,62.8938426835960911,62.8928165277675078
19,6.27734,42.3714690218178944,39.5782087980249315,38.3290619569023008,62.9903628996118101,62.9126946629480273,62.9036777634701849,62.9020814619693667,62.9010283315164926,62.9000010402962744,62.8989744782207225,62.8979479838723989,62.8969215572435232,62.8958951983263646,62.8948689071131426,62.8938426835961053,62.892816527767522
20,6.52734,42.9909829235313197,39.8151888918235102,38.3954121155898846,38.0057302101260461,62.9150620122275512,62.9039078642374179,62.90209806063244,62.9010291919116398,62.9000010687837374,62.8989744782207225,62.8979479838723989,62.8969215572435232,62.8958951983263646,62.8948689071131426,62.8938426835960911,62.892816527767522
21,6.53516,43.3755051275024996,40.0487551079619521,38.4619908802353336,38.0182214762259463,62.9175198929914501,62.9041543667123264,62.9021168623770066,62.9010302758659492,62.9000011142631976,62.8989744794154575,62.8979479838723918,62.8969215572435232,62.8958951983263503,62.8948689071131284,62.8938426835961195,62.8928165277675078
22,6.78516,43.9791547587273683,40.2788140296102455,38.5287908298499531,38.0309394869705528,62.9200694216861578,62.9044177477428406,62.9021379968182188,62.9010316090880366,62.9000011806692569,62.8989744819874232,62.8979479839415347,62.8969215572435374,62.8958951983263646,62.8948689071131426,62.8938426835961053,62.8928165277674935
23,6.79297,44.3284694750303601,40.5058268294783517,38.5958045480890135,38.0438840295260192,62.9227117064789567,62.9046984860603828,62.9021615959851914,62.9010332184233434,62.9000012722989439,62.8989744865084859,62.8979479841440607,62.8969215572516944,62.8958951983263646,62.8948689071131426,62.8938426835961053,62.8928165277675078
24,7.04297,44.9188884943344604,40.7296458870651037,38.6630254730966527,38.0570548639162851,62.9254478472124958,62.9049970621959957,62.9021877942934395,62.9010351318555578,62.9000013938186626,62.8989744936458095,62.8979479845695337,62.8969215572808622,62.8958951983278283,62.8948689071131284,62.8938426835960911,62.8928165277675078
25,7.05078,45.2390851508764982,40.9507501298643248,38.7304469793464321,38.0704517258907629,62.9282789353629965,62.9053139583979188,62.902216728517331,62.9010373785079437,62.900001550271341,62.8989745041663895,62.897947985331534,62.8969215573498701,62.8958951983338537,62.8948689071134908,62.8938426835961053,62.892816527767522
26,7.30078,45.818421066603328,41.1689419285238145,38.798063292142956,38.0840743271589091,62.9312060540194338,62.9056496585501392,62.9022485377622687,62.9010399886442357,62.9000017470830315,62.8989745189417278,62.8979479865697471,62.896921557484248,62.8958951983494856,62.8948689071150611,62.8938426835962048,62.892816527767522
27,7.30859,46.1143040575012151,41.3847181792151275,38.865868508254259,38.0979223581554507,62.9342302778646925,62.9060046480919439,62.9022833634370713,62.9010429936692148,62.9000019900693417,62.8989745389518546,62.8979479884517474,62.8969215577168654,62.8958951983819858,62.8948689071194806,62.8938426835966951,62.8928165277675433
28,7.55859,46.684339095924372,41.597834936133232,38.9338575740955477,38.1119954881138909,62.9373526731763562,62.9063794139388577,62.9023213492259856,62.9010464261289783,62.9000022854418503,62.8989745652898904,62.8979479911751298,62.8969215580887919,62.8958951984411456,62.894868907129144,62.8938426835981446,62.892816527767728
29,7.56641,46.9597456785887672,41.8088071370204872,39.0020252458359522,38.1262933677393505,62.9405742978284906,62.9067744444046113,62.9023626410607974,62.9010503197110395,62.9000026398139909,62.8989745991660669,62.897947994969357,62.8969215586500425,62.8958951985395629,62.8948689071475471,62.8938426836014983,62.8928165277682609
30,7.81641,47.5219840976913872,42.0173477869207943,39.0703671302826478,38.1408156291311968,62.943896201311631,62.9071902291246445,62.9024073870927438,62.9010547092439936,62.9000030602070623,62.8989746419118845,62.897948000097692,62.8969215594603455,62.8958951986930188,62.8948689071792089,62.8938426836080851,62.8928165277695541
31,7.82422,47.7800140749195066,42.2239898330104992,39.1388785851958332,38.1555618883727234,62.9473194247524859,62.9076272589806749,62.902455737664603,62.9010596306969632,62.9000035540557434,62.8989746949841759,62.8979480068592096,62.8969215605899734,62.895895198920698,62.8948689072299771,62.893842683619809,62.892816527772176
32,8.07422,48.3357460604783853,42.4284061364546332,39.2075558218882492,38.1705317453120614,62.9508450009511122,62.9080860260269219,62.902507845282507,62.9010651211788385,62.9000041292136984,62.8989747599690574,62.8979480155904795,62.8969215621204185,62.8958951992455653,62.8948689073070781,62.8938426836390363,62.8928165277769864
33,8.08203,48.5789301185769347,42.6311475443958159,39.2763947465206371,38.1857247860768112,62.9544739544162653,62.9085670234174259,62.9025638645877905,62.9010712189371475,62.9000047939586793,62.8989748385857723,62.8979480266678195,62.8969215641453587,62.8958951996947206,62.8948689074193226,62.8938426836689075,62.8928165277850724
34,8.33203,49.1292790583721413,42.8318493689972115,39.3453921234321129,38.201140582721834,62.9582073014177226,62.9090707453350575,62.9026239523290158,62.9010779633567694,62.9000055569977761,62.8989749326905923,62.8979480405088154,62.8969215667713826,62.8958952002997052,62.8948689075772194,62.8938426837131459,62.892816527797855
35,8.33984,49.3597037273050461,43.031080191839294,39.4145443582154797,38.2167786956762967,62.9620460500353616,62.9095976869217139,62.9026882673335663,62.9010853949582796,62.900006427472178,62.8989750442805473,62.8979480575744816,62.8969215701188205,62.8958952010968204,62.8948689077930467,62.8938426837763416,62.8928165278171107
36,8.58984,49.905661516588637,43.2284401030311969,39.4838487207976883,38.2326386732661732,62.9659912002246003,62.9101483442102776,62.9027569704797358,62.9010935553962724,62.9000074149620545,62.8989751754970001,62.8979480783709874,62.8969215743226044,62.8958952021274982,62.8948689080812144,62.893842683863916,62.8928165278450066
37,8.59766,50.1250629963458252,43.424515213295706,39.5533020711124621,38.2487200541004668,62.9700437438776461,62.9107232140577821,62.90283022466852,62.9011024874571163,62.9000085294909113,62.8989753286294189,62.897948103451526,62.8969215795330001,62.8958952034387337,62.8948689084582213,62.8938426839822213,62.8928165278841504
38,8.84766,50.667516620192302,43.6188724848124707,39.6229021409568105,38.2650223664758116,62.9742046649000855,62.9113227940802062,62.9029081947955291,62.9011122350568996,62.9000097815302368,62.898975506118866,62.8979481334182466,62.8969215859166013,62.8958952050832778,62.8948689089429251,62.8938426841386047,62.892816527937633
39,8.85547,50.8773519629340356,43.8121153248373361,39.6926462030889198,38.2815451307080679,62.9784749392827123,62.9119475825888017,62.9029910477229137,62.9011228432386318,62.9000111820034746,62.8989757105614373,62.8979481689240032,62.8969215936569981,62.8958952071201693,62.894868909556628,62.8938426843415712,62.8928165280089928
40,9.10547,51.4171036561743762,44.0037794581080703,39.7625324108958722,38.2982878584258231,62.9828555351878947,62.9125980785279353,62.9030789522513345,62.9011343581698696,62.900012742290258,62.898975944711772,62.8979482106741798,62.896921602955743,62.8958952096150341,62.8948689103233534,62.8938426846006919,62.8928165281024008
41,9.11328,51.6186052822778692,44.1944853379891924,39.8325584117491189,38.3152500548533652,62.9873474130304274,62.9132747814142164,62.9031720790921369,62.9011468271395344,62.9000144742302822,62.898976211486314,62.8979482594286594,62.8969216140331397,62.895895212640454,62.8948689112699526,62.893842684926895,62.8928165282225891
42,9.36328,52.1563879207579006,44.383739163042172,39.9027227435301981,38.3324312179993143,62.9919515255720128,62.9139781912774936,62.9032706008393276,62.9011602985548492,62.9000163901269715,62.8989765139667156,62.8979483160034007,62.8969216271291103,62.8958952162764149,62.8948689124262899,62.8938426853324088,62.8928165283749365
43,9.37109,52.3506057374752629,44.572178171733043,39.9730233930754437,38.3498308408963595,62.9966688180099794,62.9147088086031943,62.9033746919418135,62.9011748219380493,62.9000185027511876,62.8989768554030206,62.8979483812723927,62.8969216425040543,62.8958952206105977,62.8948689138253698,62.8938426858308475,62.8928165285655183
44,9.62109,52.8870946635506485,44.7592805890467815,40.0434592486202305,38.3674484106911038,38.001016911288211,62.9154671342760849,62.9034845286757545,62.9011904479228079,62.9000208253446687,62.8989772392168547,62.8979484561694235,62.8969216604396806,62.8958952257388475,62.8948689155036433,62.893842686437452,62.8928165288011201
45,9.62891,53.0749288728305757,44.9457001724591265,40.1140286041594436,38.3852834108457088,38.0043693088374042,62.9162536695257444,62.9036002891168806,62.9012072282506125,62.9000233716232771,62.8989776690045019,62.8979485416897575,62.896921681239931,62.8958952317655289,62.8948689175011495,62.8938426871689344,62.8928165290893588
46,9.87891,53.6107510389111965,45.1308885847392816,40.1847306668863027,38.4033353201344596,38.0077995124345804,62.9170689158733296,62.9037221531130157,62.9012252157668001,62.9000261557802105,62.8989781485400954,62.8979486388920037,62.8969217052317049,62.8958952388039876,62.8948689198616009,62.8938426880438897,62.8928165294386403
47,9.88672,53.7929778915002075,45.3155158353713503,40.2555640082873509,38.4216036148119997,38.0113080881302068,62.9179133750801611,62.9038503022567355,62.9012444644165001,62.9000291924890504,62.898978681778452,62.8979487488998288,62.8969217327659109,62.8958952469768704,62.8948689226326607,62.8938426890825468,62.8928165298582016
48,10.1367,54.3287189764813832,45.4990083099067775,40.3265281256687231,38.4400877675221864,38.0148955954338064,62.9187875490973241,62.9039849198580114,62.9012650292404842,62.9000324969066185,62.8989792728581349,62.897948872903612,62.8969217642181349,62.8958952564165656,62.894868925866227,62.8938426903071246,62.8928165303583455
49,10.1445,54.506011139760389,45.6820520050948033,40.397621840793029,38.458787249437087,38.0185625873638315,62.9196919400171879,62.9041261909171965,62.9012869663706908,62.9000360846757545,62.898979926104353,62.8979490121622575,62.8969217999896557,62.8958952672657077,62.8948689296184682,62.8938426917418028,62.8928165309502631
50,10.3945,55.0422211269101851,45.8640492006942608,40.4688449146051497,38.4777015290832765,38.0223096105059426,62.9206270500261411,62.9042743020979813,62.9013103330257266,62.9000399719279244,62.8989806460316885,62.8979491680048781,62.8969218405082344,62.8958952796774184,62.8948689339501144,62.8938426934129211,62.8928165316461545
51,10.4023,55.215163909684442,46.0457016206360805,40.5401963942051253,38.4968300744558078,38.026137205065794,62.9215933813587824,62.9044294417006,62.9013351875061701,62.9000441752857498,62.8989814373469756,62.8979493418324722,62.8969218862289878,62.8958952938158902,62.894868938926642,62.8938426953489369,62.8928165324594204
52,10.6523,55.752361492587049,46.2263885078116985,40.6116762799046214,38.5161723517663219,38.0300459049298851,62.9225914362537537,62.9045917996351065,62.9013615891896336,62.9000487118653453,62.8989823049519998,62.8979495351196149,62.8969219376352981,62.8958953098566624,62.8948689446185298,62.893842697580709,62.8928165334045133
53,10.6602,55.9214658614973956,46.4068270597302401,40.6832838213156265,38.5357278275364195,38.0340362377206063,62.9236217169107093,62.904761567394992,62.9013895985259524,62.9000535992786922,62.8989832539461133,62.8979497494161137,62.8969219952396159,62.895895327987219,62.8948689511012873,62.8938427001413842,62.8928165344971433
54,10.9102,56.4601419544025305,46.586374458492628,40.7550192358892289,38.5554959672717104,38.0381087248591001,62.9246847254488202,62.9049389380307744,62.9014192770319127,62.9000588556354714,62.898984289629027,62.8979499863486424,62.8969220595843268,62.8958953484072723,62.8948689584560015,62.8938427030668024,62.8928165357542497
55,10.918,56.6258550499963889,46.7657631294410621,40.8268819548836532,38.5754762375380196,38.0422638816221195,62.9257809638667851,62.9051241061238358,62.9014506872859869,62.900064499545465,62.8989854175030274,62.8979502476224113,62.8969221312427251,62.8958953713292246,62.8948689667692094,62.8938427063952687,62.8928165371940793
56,11.168,57.1664756116609993,46.9443290855821544,40.8988723925582178,38.5956681045660375,38.0465022172064806,62.9269109340038852,62.9053172677605161,62.9014838929230322,62.9000705501201338,62.8989866432759257,62.8979505350227583,62.8969222108197101,62.895895396978645,62.89486897613331,62.8938427101679665,62.8928165388362999
57,11.1758,57.3291893042087395,47.12281974324668,40.9709901427672136,38.6160710363134712,38.0508242347871857,62.9280751375027165,62.9055186205063919,62.9015189586287775,62.9000770269745715,62.8989879728631536,62.8979508504167981,62.8969222989528092,62.8958954255947091,62.8948689866467134,62.8938427144288426,62.8928165407020003
58,11.4258,57.8721976338823794,47.3005507611365772,41.0432357980034581,38.636684501004197,38.0552304315831265,62.9292740757731082,62.9057283633805682,62.9015559501341173,62.90008395022911,62.8989894123903213,62.8979511957549704,62.8969223963129167,62.8958954574306119,62.894868998414097,62.8938427192249065,62.8928165428138115
59,11.4336,58.0322555335425676,47.4782843194124737,41.1156090973471109,38.6575079691796688,38.0597212989160667,62.9305082499572563,62.9059466968305045,62.9015949342094487,62.9000913405108903,62.898990968195605,62.8979515730726177,62.8969225036052748,62.8958954927539082,62.8948690115466746,62.8938427246061522,62.8928165451958279
60,11.6836,58.5780741597469827,47.6553164669891061,41.1881107945749676,38.6785409121761603,38.0642973222770848,62.9317781608962648,62.9061738227067551,62.9016359786588026,62.9000992189552832,62.8989926468319496,62.897951984491506,62.8969226215701696,62.8958955318472093,62.8948690261622048,62.8938427306258774,62.8928165478738848
61,11.6914,58.7357774012369944,47.8324239309717711,41.2607407581750536,38.6997828041685139,38.0689589813861744,62.9330843090979783,62.906409944238078,62.9016791523139176,62.9001076072072962,62.8989944550693849,62.8979524322215937,62.896922750984011,62.8958955750083817,62.894869042385551,62.893842737340691,62.8928165508754518
62,11.9414,59.2848096552434143,48.008883830651925,41.333499887760027,38.7212331205885931,38.0737067502590776,62.9344271947058971,62.906655266006716,62.9017245250281363,62.900116527422739,62.8989963998972286,62.8979529185621544,62.8969228926599513,62.895895622551059,62.8948690603486327,62.8938427448105983,62.8928165542297677
63,11.9492,59.4404217056036046,48.1854872339020517,41.4063881668401734,38.74289134016459,38.0785410972672622,62.9358073174694681,62.9069099939239322,62.901772167670309,62.9001260022694382,62.8989984885261819,62.8979534459037168,62.8969230474489152,62.8958956748052103,62.894869080190837,62.8938427530992357,62.8928165579678975
64,12.1992,59.9930530496998244,48.3614929515052125,41.4794066268011008,38.7647569432836647,38.0834624852047199,62.9372251767154296,62.9071743352057808,62.9018221521185268,62.9001360549281685,62.8990007283905044,62.8979540167292086,62.8969232162404026,62.8958957321174239,62.89486910205909,62.8938427622739269,62.8928165621228175
65,12.207,60.1468037331707563,48.5377061969451304,41.5525553531093195,38.7868294140291709,38.0884713713479712,62.9386812713204762,62.907448498349062,62.9018745512538615,62.9001467090937751,62.899003127150003,62.897954633615754,62.8969233999632422,62.8958957948514623,62.8948691261082757,62.8938427724057973,62.8928165667294863
66,12.457,60.7034028972190782,48.713368039334803,41.625835496136574,38.809108238490893,38.0935682075227788,62.940176099684976,62.9077326931075405,62.901929438953907,62.9001579889758204,62.8990056926921213,62.8979552992358748,62.8969235995866001,62.8958958633886667,62.8948691525013146,62.8938427835699088,62.8928165718248309
67,12.4648,60.8554917894085037,48.8892976538523882,41.6992472314535405,38.8315929068022996,38.0987534401638754,62.9417101597078243,62.908027130468426,62.9019868900862988,62.9001699192994153,62.8990084331337442,62.8979560163590961,62.8969238161207329,62.8958959381284402,62.8948691814095255,62.8938427958454866,62.8928165774479382
68,12.7148,61.4164117565577286,49.064718884811839,41.772791816804947,38.8542829114011923,38.1040275103812718,62.9432839487623781,62.9083320226291178,62.9020469805022202,62.9001825253059366,62.8990113568232871,62.897956787853289,62.8969240506178267,62.8958960194886529,62.8948692130127824,62.8938428093158208,62.892816583640041
69,12.7227,61.5670110678179867,49.2404646965476829,41.8464695071286883,38.877177749069368,38.1093908540195301,62.9448979636735828,62.9086475829740834,62.9021097870296941,62.9001958327535675,62.8990144723424081,62.8979576166861918,62.896924304172849,62.8958961079062036,62.8948692474997486,62.8938428240687131,62.8928165904446672
70,12.9727,62.1325899405919131,49.4157421793805582,41.9202816570072869,38.9002769191459521,38.1148439017234679,62.9465527006960599,62.9089740260522063,62.9021753874669756,62.9002098679177024,62.8990177885079973,62.8979585059266739,62.8969245779243522,62.8958962038373528,62.8948692850682249,62.8938428401963137,62.892816597907597
71,12.9805,62.2818469835436304,49.5913979257175441,41.9942285910316002,38.9235799255717581,38.120387078996778,62.9482486554932095,62.9093115675540915,62.9022438605757515,62.9002246575913659,62.8990213143736696,62.8979594587462572,62.8969248730553971,62.8958963077582709,62.8948693259253133,62.8938428577954269,62.8928166060770906
72,13.2305,62.8524087541736094,49.7666227001688313,42.0683117510752851,38.9470862750576927,38.1260208062670642,62.9499863231173364,62.9096604242898891,62.9023152860743338,62.9002402290856608,62.8990250592317892,62.8979604784203872,62.8969251907942777,62.8958964201653643,62.8948693702876298,62.8938428769675468,62.8928166150038024
73,13.2383,63.0004263653857848,49.9422765736055538,42.1425315226043722,38.9707954791355746,38.1317454989435021,62.9517661979908567,62.9100208141672468,62.9023897446307956,62.9002566102298388,62.8990290326150046,62.897961568329805,62.8969255324153664,62.8958965415759437,62.8948694183816457,62.8938428978190984,62.892816624741009
74,13.4883,63.541828041013936,50.1175343739103241,42.2168894261422309,38.994707052283843,38.1375615674811286,62.9535887738883702,62.9103929561694954,62.9024673178560576,62.9002738293714572,62.8990332442978044,62.897962731961897,62.8969258992399745,62.8958966725284725,62.8948694704439362,62.8938429204615161,62.8928166353445306
75,13.4961,63.6771443494598444,50.2932695122604727,42.2913859001085868,39.018820513986654,38.1434694174374442,62.9554545439196644,62.9107770703343832,62.9025480882969177,62.9002919153765703,62.8990377042982587,62.8979639729120237,62.8969262926371826,62.8958968135831995,62.8948695267212869,62.8938429450113716,62.8928166468729728
76,13.7461,64.2070773803744572,50.4686412324311249,42.3660225358627471,39.0431353868188253,38.1494694495356015,62.9573640005136923,62.9111733777324602,62.9026321394290591,62.900310897629538,62.8990424228794822,62.8979652948847772,62.8969267140245236,62.8958969653224429,62.8948695874711206,62.8938429715904945,62.8928166593876554
77,13.7539,66.3585816246164484,50.6445361591339633,42.4407998176385064,39.0676511985149375,38.1555620597201681,62.9593176354034867,62.9115821004464095,62.9027195556499805,62.9003308060331179,62.8990474105511765,62.8979667016952959,62.8969271648689769,62.8958971283512227,62.8948696529616811,62.8938430003262212,62.89281667295284
78,14.0039,64.8559248099771111,50.8200982709748388,42.5157194005732464,39.0923674800153051,38.161747639219044,62.9613159396117581,62.9120034615502135,62.9028104222718483,62.9003516710081882,62.8990526780709587,62.8979681972704938,62.8969276466875797,62.895897303297609,62.8948697234722118,62.8938430313513592,62.89281668763563
79,14.0117,66.9357967553046365,50.9962272907147138,42.5907818082879004,39.1172837675464606,38.1680265745979597,62.9633594034375648,62.912437685088797,62.9029048255144829,62.9003735234935206,62.8990582364459527,62.8979697856503535,62.8969281610484146,62.8958974908131694,62.8948697992933958,62.8938430648045355,62.8928167035062273
80,14.2617,67.3512240546282754,51.1720522194966776,42.6659887533292093,39.1423996006299788,38.1743992478213485,62.9654485164437574,62.912884996057798,62.9030028524981404,62.9003963949455311,62.8990640969340689,62.8979714709891198,62.8969287095711991,62.8958976915735306,62.8948698807274056,62.893843100830189,62.8928167206378745
81,14.2695,67.5027683808678205,51.3484857738032332,42.7413407929273035,39.1677145241758495,38.1808660363055878,62.967583767445042,62.9133456203836232,62.9031045912363282,62.9004203173378613,62.8990702710453817,62.8979732575565933,62.8969292939282951,62.895897906278762,62.8948699680883223,62.8938431395787205,62.8928167391071042
82,14.5195,67.9123111020822279,51.5246422360312124,42.8168396912972185,39.1932280864553491,38.1874273129784427,62.9697656444970875,62.9138197849039216,62.9032101306285441,62.9004453231609517,62.8990767705433456,62.897975149739203,62.8969299158452841,62.8958981356538018,62.8948700617022567,62.893843181206762,62.8928167589936038
83,14.5273,68.0601837325974515,51.7014472230580537,42.8924860340904317,39.2189398412087513,38.1940834463310992,62.9719946348862152,62.9143077173481871,62.9033195604531201,62.9004714454215517,62.8990836074460375,62.8979771520412925,62.8969305771018981,62.8958983804490117,62.8948701619077255,62.8938432258771627,62.8928167803804854
84,14.7773,68.4642371038022759,51.8780005303134999,42.9682816320199947,39.2448493455838445,38.2008348004763363,62.9742712251200345,62.9148096463186235,62.9034329713599263,62.9004987176420087,62.8990907940274937,62.8979792690862212,62.896931279532744,62.8958986414405388,62.894870269055879,62.8938432737592521,62.8928168033542931
85,14.7852,68.6087024583799518,52.0552405925653687,43.0442270945065388,39.2709561622586705,38.2076817351990172,62.9765959009185039,62.9153258012712939,62.9035504548631508,62.9005271738599063,62.8990983428187675,62.8979815056174942,62.896932025028029,62.8958989194308629,62.8948703835106997,62.8938433250289748,62.8928168280050599
86,15.0352,69.0076480134493977,52.2322529249996279,43.1203242741095494,39.2972598573472354,38.2146246060130181,62.9789691472059232,62.915856412497682,62.9036721033338324,62.9005568486270334,62.8991062666090528,62.8979838665000202,62.8969328155343703,62.8958992152491732,62.8948705056493651,62.8938433798689474,62.8928168544264636
87,15.043,69.1489572391650569,52.4099887083925537,43.1965737998525086,39.3237600025386129,38.2216637642103123,62.9813914481035653,62.9164017111062677,62.9037980099927978,62.900587777008873,62.8991145784467776,62.8979863567210344,62.8969336530555552,62.8958995297518229,62.8948706358623681,62.8938434384687284,62.8928168827158558
88,15.293,69.5431629153352446,52.5875193610791598,43.2729775619601824,39.3504561729705244,38.2287995569163854,62.9838632869229045,62.9169619290046285,62.9039282689031367,62.9006199945836855,62.8991232916407341,62.8979889813913715,62.8969345396532589,62.8958998638228763,62.8948707745539508,62.8938435010248753,62.8928169129744248
89,15.3008,69.6815544446594259,52.7658087483686131,43.3495362053326119,39.3773479493858645,38.2360323271381475,62.9863851461595843,62.9175372988815269,62.904062974963054,62.90065353744167,62.8991324197610524,62.8979917457464452,62.8969354774478617,62.895900218374436,62.8948709221422675,62.8938435677411434,62.8928169453071106
90,15.5508,70.0713747407922938,52.9439143533911718,43.4262516541052364,39.4044349159753438,38.2433624138176,62.9889575074878536,62.9181280541896584,62.9042022238984231,62.9006884421838848,62.8991419766400099,62.8979946551473006,62.8969364686190957,62.8959005943472462,62.8948710790596195,62.8938436388287059,62.892816979823003
91,15.5586,70.2070748197722025,53.1228126746884399,43.503124565726381,39.431716662552347,38.2507901518784834,62.9915808517557352,62.9187344291281079,62.9043461122555101,62.9007247459214938,62.8991519763733038,62.8979977150817149,62.8969375154068189,62.8959009927109918,62.8948712457527819,62.8938437145061044,62.892817016635064
92,15.8086,70.5928510041923687,53.3015474015400628,43.5801568948736531,39.45919278236547,38.258315872278537,62.9942556589808547,62.9193566586257091,62.9044947373936338,62.9007624862745445,62.8991624333205408,62.8980009311651855,62.8969386201118397,62.8959014144648023,62.8948714226832735,62.8938437949996469,62.8928170558605046
93,15.8164,70.726074194145184,53.4811076243516723,43.657349308575121,39.4868628742922851,38.2659399020546473,62.9969824083465539,62.9199949783241408,62.9046481974778331,62.9008017013709377,62.8991733621065521,62.8980043091419461,62.8969397850964285,62.8959018606377427,62.8948716103275629,62.8938438805433435,62.8928170976207142
94,16.0664,71.1081345524841169,53.6605233609512595,43.7347037890312578,39.5147265406230872,38.2736625643737156,62.9997615781988642,62.9206496245615696,62.9048065914715337,62.9008424298452766,62.8991847776217412,62.8980078548859893,62.8969410127853052,62.8959023322892747,62.8948718091773671,62.8938439713792121,62.8928171420413875
95,16.0742,71.239084207908931,53.8407962619195857,43.8122210102059313,39.542783389274085,38.2814841785762709,38.001758030901847,62.9213208343564929,62.9049700191292018,62.9008847108376798,62.8991966950232708,62.898011574401977,62.8969423056660588,62.8959028305095202,62.8948720197399069,62.893844067757378,62.892817189252753
96,16.3242,71.6177443227386732,54.0209427783058374,43.8899029791187658,39.5710330315428962,38.2894050602260236,38.0037136033552372,62.9220088453917228,62.9051385809891812,62.9009285839925241,62.8992091297356168,62.8980154738263195,62.896943666290106,62.8959033564200283,62.8948722425382272,62.8938441699362656,62.8928172393893874
97,16.332,71.7466130475968384,54.2019770985966147,43.9677503743181504,39.5994750843420533,38.2974255211519647,38.0057054076574374,62.9227138959988892,62.9053123783661832,62.9009740894571365,62.899222097451279,62.8980195594279934,62.8969450972732886,62.895903911173896,62.8948724781113668,62.8938442781826197,62.8928172925905997
98,16.582,72.1221761028116077,54.3829021951404314,44.0457652252240095,39.6281091679268798,38.3055458694965836,38.0077337511603375,62.9234362251429218,62.9054915133441384,62.9010212678804663,62.8992356141316264,62.8980238376095002,62.8969466012965555,62.8959044959563869,62.8948727270146861,62.8938443927718822,62.8928173490002749
99,16.5898,72.2491461869006457,54.5647447812143014,44.1239482128814871,39.6569349081499425,38.3137664097564894,38.0097989402194756,62.9241760724069508,62.9056760887688711,62.901070160411841,62.8992496960073026,62.8980283149078403,62.8969481811066231,62.8959051119853783,62.8948729898201151,62.8938445139882134,62.8928174087671792
100,16.8398,72.6219032908324209,54.7464944229914749,44.2023013869489034,39.6859519341618281,38.3220874428292859,38.0119012801876579,62.9249336779774069,62.9058662082408091,62.9011208086992255,62.8992643595790923,62.8980329979953297,62.8969498395167577,62.8959057605117096,62.8948732671164663,62.8938446421245914,62.8928174720449178
101,16.8477,72.7471471276575272,54.9291903543089006,44.2808254291176056,39.7151598806869828,38.3305092660527293,38.0140410754088549,62.9257092826293274,62.9060619761077859,62.9011732548881213,62.899279621618355,62.8980378936805593,62.8969515794073715,62.8959064428196797,62.8948735595095698,62.8938447774831317,62.8928175389920625
102,17.0977,73.1173776498077643,55.1118087930972891,44.3595224073539214,39.7445583856981273,38.3390321732502599,38.0162186292123749,62.9265031277120883,62.9062634974578501,62.9012275416198392,62.899295499167593,62.8980430089091413,62.8969534037266698,62.8959071602274733,62.8948738676226995,62.8938449203751375,62.8928176097723011
103,17.1055,73.2410581371108549,55.2954014981375508,44.438393002357806,39.7741470927138963,38.3476564547688383,38.0184342439072083,62.9273154551352008,62.9064708781119606,62.9012837120299437,62.8993120095410774,62.8980483507646397,62.8969553154914465,62.8959079140876156,62.8948741920967223,62.8938450711212695,62.8928176845544584
104,17.3555,73.6090300541596463,55.4789313833431237,44.5174392986818432,39.8039256484473043,38.3563823975230633,38.020688220776897,62.9281465073543416,62.9066842246168534,62.901341809746782,62.8993291703251671,62.8980539264694443,62.8969573177875532,62.8959087057872992,62.8948745335904533,62.8938452300517312,62.8928177635125962
105,17.3633,73.7313009780844055,55.6634627451665409,44.5966619745883222,39.8338937051255897,38.3652102850317576,38.0229808600743695,62.9289965273578105,62.9069036442379215,62.9014018788898781,62.8993469993789134,62.8980597433854172,62.8969594137707517,62.8959095367489951,62.8948748927808126,62.8938453975064746,62.8928178468262047
106,17.6133,74.0972712255164367,55.847945224839151,44.6760631296818929,39.8640509181132288,38.3741403974606925,38.0253124610171866,62.9298657586529657,62.9071292449519603,62.9014639640680429,62.8993655148343933,62.8980658090148239,62.8969616066671833,62.8959104084307583,62.8948752703631726,62.8938455738351863,62.8928179346801528
107,17.6211,74.2182776292495276,56.0334556772867032,44.7556434385125712,39.8943969482543608,38.3831730116578598,38.0276833217829733,62.9307544452533492,62.9073611354402331,62.9015281103780239,62.899384735097172,62.8980721310010935,62.8969638997740574,62.8959113223266186,62.8948756670516573,62.893845759397685,62.8928180272649442
108,17.8711,74.5824924555246156,56.2189304902586287,44.8354050143715313,39.924931459470649,38.392308401194974,38.0300937395051548,62.9316628316653208,62.9075994250812087,62.9015943634025234,62.8994046788466221,62.8980787171295717,62.8969662964603771,62.8959122799671064,62.8948760835792839,62.8938459545639077,62.8928181247766958
109,17.8789,74.7023709931515327,56.4054591057624179,44.9153485269755919,39.9556541211266705,38.4015468364014509,38.032544010268758,62.9325911628757595,62.9078442239435702,62.9016627692085137,62.8994253650363007,62.8980855753282881,62.896968800167393,62.895913282919615,62.8948765206983325,62.8938461597141298,62.8928182274172443
110,18.1289,75.0650663138557377,56.5919646658283213,44.9954761020885599,39.9865646056029078,38.4108885844046739,38.0350344291066449,62.9335396843393511,62.9080956427792657,62.9017333743454472,62.8994468128941904,62.8980927136685608,62.8969714144094141,62.8959143327888768,62.8948769791805162,62.8938463752391641,62.8928183353943382
111,18.1367,75.1839455900931597,56.7795492356977007,45.075788403610801,40.0176625906843526,38.4203339091627143,38.0375652899957046,62.9345086419664028,62.9083537930164312,62.9018062258434796,62.8994690419230551,62.898100140365905,62.896974142774269,62.8959154312172615,62.8948774598174012,62.8938466015404174,62.8928184489216591
112,18.3867,75.5453473399478952,56.9671227086527736,45.1562875687010319,40.0489477571091825,38.4298830715034327,38.0401368858534852,62.9354982821109274,62.90861878675247,62.9018813712115801,62.8994920719007027,62.8981078637806448,62.896976988923889,62.895916579885359,62.8948779634204627,62.8938468390301963,62.8928185682188996
113,18.3945,75.6633482363564838,57.1557998166056365,45.2369742545828828,40.0804197909804856,38.4395363291559349,38.042749508534861,62.9365088515586208,62.9088907367470611,62.9019588584355915,62.8995159228800205,62.8981158924185664,62.8969799565951391,62.8959177805122494,62.8948784908215686,62.8938470881317286,62.8928186935119697
114,18.6445,76.0236727173415403,57.3444771908677993,45.3178506088543998,40.1120783812909139,38.4492939367886066,38.0454034488289423,62.9375405975155857,62.9091697564153236,62.9020387359764328,62.8995406151894798,62.8981242349316503,62.8969830496000881,62.8959190348559929,62.8948790428730007,62.8938473492794472,62.8928188250329825
115,18.6523,76.1409087055807845,57.5342822804901459,45.3989172813122011,40.1439232223580191,38.4591561460393336,38.0480989964562184,62.9385937675968492,62.9094559598209813,62.9021210527680878,62.8995661694330153,62.898132900118668,62.896986271826826,62.8959203447140069,62.8948796204479805,62.8938476229190684,62.8928189630203889
116,18.9023,76.5003629297545586,57.7240984319516315,45.4801764291476616,40.1759540113248761,38.469123205552421,38.0508364400656234,62.9396686098151434,62.9097494616694703,62.90220585821573,62.899592606490387,62.8981418969258499,62.8969896272399822,62.8959217119234779,62.8948802244406906,62.8938479095077625,62.8928191077191485
117,18.9102,76.6169403724066456,57.9150658686936026,45.5616286940782587,40.2081704506192281,38.4791953610078039,38.0536160672322765,62.9407653725701834,62.9100503773011823,62.9022932021935901,62.8996199475170741,62.8981512344475888,62.8969931198812446,62.8959231383617663,62.8948808557666936,62.893848209514374,62.8928192593807225
118,19.1602,76.9757223982860239,58.1060546203751755,45.6432762421409564,40.2405722454302861,38.489372855156688,38.056438164454768,62.9418843046378527,62.9103588226847492,62.9023831350430882,62.8996482139446087,62.8981609219268805,62.8969967538699493,62.895924625946833,62.8948815153631244,62.8938485234195355,62.8928194182632438
119,19.168,77.0917408377511322,58.2982177486230455,45.7251197064094015,40.2731591061919119,38.4996559278498793,38.0593030171530629,62.9430256551596941,62.9106749144103077,62.9024757075707157,62.8996774274804409,62.8981709687560269,62.8970005334036486,62.8959261766375661,62.8948822041889599,62.893848851715866,62.8928195846316171
120,19.418,77.4500400993539131,58.4904119256413821,45.8071612611064509,40.3059307460357417,38.5100448160722806,38.0622109096664047,62.9441896736328133,62.9109987696827559,62.9025709710460816,62.8997076101081305,62.8981813844772333,62.8970044627587299,62.8959277924342857,62.8948829232253104,62.8938491949080927,62.8928197587576179
121,19.4258,77.5655925352967301,58.6838031213462301,45.889401530175121,40.3388868832983718,38.5205397539701977,38.0651621252512129,62.9453766098994905,62.9113305063153021,62.9026689771996601,62.899738784087198,62.8981921787831268,62.8970085462907704,62.8959294753790843,62.8948836734756256,62.8938495535131779,62.8928199409198996
122,19.6758,77.923590163152582,58.8772346016475723,45.971842695443307,40.3720272389511905,38.5311409728849199,38.0681569460794051,62.9465867141376734,62.9116702427227779,62.9027697782209145,62.8997709719532807,62.8982033615172824,62.8970127884352763,62.8959312275561118,62.8948844559660145,62.8938499280606607,62.8928201314042425
123,19.6836,78.0387633189630776,59.0718853209377102,46.0544853713059865,40.405351539131523,38.5418487013789175,38.0711956532366997,62.9478202368509656,62.9120180979150021,62.9028734267559884,62.8998041965179766,62.8982149426748478,62.897017193708102,62.8959330510922072,62.8948852717454585,62.8938503190925786,62.8928203305036746
124,19.9336,78.3966324525732148,59.2665850822018712,46.1373317466858026,40.4388595125492998,38.5526631652685481,38.0742785267209243,62.9490774288594608,62.9123741914904926,62.9029799759056942,62.8998384808688726,62.8982269324029915,62.8970217667059828,62.8959349481570058,62.8948861218859818,62.8938507271638656,62.8928205385183148
125,19.9414,78.5115070312875218,59.4625259063596872,46.2203824260738827,40.4725508930423103,38.5635845876492809,38.0774058454407012,62.9503585412901927,62.9127386436297797,62.9030894792232829,62.899873848369424,62.8982393410013927,62.8970265121070966,62.8959369209635568,62.8948870074831348,62.893851152842295,62.8928207557557855
126,20.1914,78.8694131226588269,59.6585240694338665,46.3036396050404733,40.5064254169597859,38.5746131889274722,38.0805778872140976,62.9516638255682253,62.913111575089161,62.9032019907123825,62.8999103226588332,62.8982521789228386,62.8970314346715682,62.8959389717685866,62.8948879296560648,62.8938515967088208,62.8928209825311768
127,20.1992,78.9840640527726947,59.8557847465758357,46.3871038778716951,40.5404828257418401,38.5857491868447582,38.0837949287673467,62.9529935334077635,62.9134931071942489,62.9033175648246825,62.899947927651958,62.898265456773629,62.8970365392418742,62.8959411028729178,62.894888889547822,62.8938520593576698,62.8928212191670752
128,20.4492,79.3421651607755791,60.0531106157589818,46.4707774463948908,40.5747228632799519,38.5969927965089497,38.0870572457339165,62.9543479168033073,62.9138833618336974,62.9034362564577663,62.8999866875391689,62.8982791853140171,62.8970418307434045,62.895943316621711,62.8948898883256291,62.8938525413964626,62.8928214659938618
129,20.457,79.4566618323675584,60.2517200995211368,46.5546608944384914,40.6091452785207281,38.6083442304173801,38.0903651126533447,62.9557272280212104,62.914282461452899,62.903558120953015,62.9000266267861718,62.8982933754586924,62.8970473141850661,62.8959456154051324,62.8948909271810663,62.8938530434464127,62.892821723349627
130,20.707,79.815108907769627,60.4504021999847083,46.6387564297467208,40.6437498228034784,38.6198036984871962,38.0937188029704501,62.9571317195914091,62.914690529047661,62.9036832140931779,62.9000677701337949,62.8983080382772073,62.8970529946595605,62.8959480016584251,62.8948920073304336,62.8938535661425675,62.8928219915803979
131,20.7148,79.9295153993380154,60.6503886854838186,46.723064625480724,40.678536252488108,38.6313714080778468,38.0971185890345296,62.9585616442991309,62.9151076881582583,62.903811592100304,62.9001101425978604,62.8983231849944744,62.8970588773440156,62.8959504778624208,62.8948931300149496,62.8938541101338586,62.8928222710401954
132,20.9648,80.288452560451006,60.85045479808457,46.8075876950068093,40.713504326269927,38.6430475640204563,38.1005647420986264,62.9600172551770356,62.9155340628630171,62.9039433116333839,62.9001537694688437,62.8983388269910719,62.8970649675003557,62.8959530465438732,62.8948942965009294,62.8938546760832722,62.892822562091105
133,20.9727,80.4028278568540031,61.05184575539554,46.8923262006469059,40.7486538078318077,38.6548323686396387,38.1040575323189898,62.9614988054972358,62.9159697777723679,62.9040784297861393,62.9001986763116747,62.8983549758036986,62.8970712704758057,62.8959557102758353,62.8948955080801895,62.8938552646681188,62.8928228651034757
134,21.2227,80.7623926558019889,61.2533229491091546,46.9772823611349253,40.7839844631361572,38.6667260217821109,38.1075972287544573,62.9630065487638646,62.916414958022834,62.9042170040846997,62.9002448889655099,62.8983716431255147,62.8970777917033743,62.8959584716780142,62.8948967660700831,62.8938558765800764,62.8928231804559061
135,21.2305,80.8767908576770509,61.4561451544753155,47.0624567278154302,40.8194960631012904,38.6787287208377819,38.1111840993661559,62.964540738705459,62.9168697292708998,62.9043590924852722,62.9002924335433846,62.8983888408066107,62.8970845367022804,62.8959613334170982,62.8948980718139836,62.8938565125254243,62.8928235085354643
136,21.4805,81.2371145373510899,61.6590598166552866,47.147851524571422,40.8551883808707714,38.6908406607674848,38.1148184110169694,62.9661016292676905,62.9173342176872339,62.9045047533720023,62.900341336431957,62.8984065808542425,62.8970915110783224,62.8959642982071543,62.8948994266813699,62.8938571732251575,62.8928238497377095
137,21.4883,81.3515850623747383,61.8633393816243,47.2334672916613627,40.8910611945139948,38.7030620341235903,38.1185004294714105,62.9676894746062885,62.9178085499506352,62.9046540455545085,62.9003916242911103,62.8984248754332071,62.8970987205243901,62.8959673688099627,62.8949008320681031,62.893857859415192,62.8928242044668835
138,21.7383,81.7127928041861793,62.0677172462700497,47.3193062579312027,40.9271142842726974,38.7153930310770278,38.1222304193953505,62.9693045290799702,62.9182928532422565,62.9048070282656084,62.9004433240536756,62.8984437368662412,62.8971061708209405,62.8959705480353222,62.8949022893967182,62.893858571846522,62.8928245731358331
139,21.7461,81.8273805805213641,62.2734796449299566,47.4053689524706243,40.9633474352859679,38.7278338394370536,38.1260086443558777,62.9709470472437189,62.9187872552397849,62.9049637611590384,62.9004964629250694,62.8984631776343051,62.8971138678363246,62.8959738387414546,62.8949038001166301,62.8938593112853113,62.8928249561664288
140,21.9961,82.1895917431020706,62.4793458191288948,47.4916576089311064,40.9997604348139362,38.7403846446778033,38.1298353668212258,62.9726172838420482,62.9192918841117219,62.9051243043070158,62.9005510683828675,62.8984832103768525,62.8971218175272426,62.8959772438353184,62.8949053657043677,62.8938600785131996,62.892825353989295
141,22.0039,82.3043373953655077,62.6866159135997805,47.5781727451735748,41.036353074986998,38.7530456299573629,38.1337108481607885,62.9743154938025071,62.919806868511607,62.9052887181980509,62.9006071681764496,62.8985038478921723,62.8971300259391057,62.8959807662729204,62.8949069876637807,62.8938608743272809,62.8928257670442434
142,22.2539,82.6676657443933181,62.8939949022921994,47.6649165995234085,41.0731251500069874,38.7658169761437392,38.1376353486451691,62.9760419322293785,62.9203323375724537,62.9054570637344383,62.9006647903265659,62.8985251031376649,62.8971384992065197,62.8959844090597784,62.8949086675264084,62.8938616995404303,62.8928261957801595
143,22.2617,82.7826057724609825,63.0998990359788436,47.7518896785729439,41.1100764589203891,38.7786988618333552,38.1416091274462943,62.9777968543974325,62.9208684209010372,62.9056294022300406,62.900723963124932,62.8985469892300699,62.8971472435536185,62.8959881752509915,62.894910406851622,62.8938625549813324,62.8928266406552723
144,22.5117,83.1471597018101818,63.3016801971916792,47.8390942252126905,41.1472068027970224,38.7916914633763241,38.1456324426375701,62.9795805157459156,62.9214152485724796,62.9058057954078507,62.9007847151337458,62.8985695194457719,62.8971562652944911,62.8959920679519016,62.8949122072268239,62.893863441494787,62.8928271021370691
145,22.5195,83.2623266527643011,63.503193683622051,47.9265307347440199,41.1845159875272557,38.8047949548946107,38.1497055511941525,62.9813931718724973,62.921972951124566,62.9059863053976258,62.9008470751852542,62.8985927072210416,62.8971655708335575,62.8959960903181283,62.8949140702677525,62.8938643599417233,62.8928275807025656
146,22.7695,83.6282093971975087,63.7031817606657071,48.0142014545343017,41.222003820978216,38.8180095083065453,38.1538287089931814,62.9832350785277058,62.9225416595524649,62.9061709947335572,62.9009110723812981,62.8986165661522421,62.8971751666659031,62.896000245556074,62.894915997618682,62.8938653111993844,62.8928280768383701
147,22.7773,83.74363203070466,63.9029331058452144,48.1021068685868443,41.2596701158150196,38.8313352933445159,38.1580021708141217,62.9851064916091588,62.9231215053032571,62.906359926351918,62.9009767360927796,62.8986411099960776,62.8971850593776551,62.8960045369231793,62.8949179909527913,62.8938662961616402,62.892828591040761
148,23.0273,84.1109418703351821,64.1011957182472401,48.190249228675988,41.2975146866343437,38.844772477579113,38.1622261903391902,62.9870076671561208,62.9237126202704644,62.9065531635886117,62.9010440959591222,62.8986663526697711,62.8971952556464231,62.8960089677282284,62.8949200519720861,62.8938673157389374,62.8928291238157939
149,23.0352,84.2266453177307284,64.2992519480982594,48.2786290075130182,41.3355373528097445,38.858321226436118,38.1665010201536816,62.9889388613441099,62.9243151367889837,62.9067507701769131,62.9011131818879008,62.8986923082514053,62.8972057622415477,62.8960135413316976,62.8949221824079814,62.8938683708585344,62.8928296756794367
150,23.2852,84.5954757744909074,64.4958554384527076,48.3672484612256852,41.3737379356026764,38.8719817032203352,38.1708269117465946,62.9909003304797395,62.9249291876295729,62.9069528102449453,62.9011840240541176,62.8987189909798161,62.8972165860245411,62.8960182611460255,62.8949243840212873,62.8938694624647709,62.8928302471576117
151,23.293,84.7114816918316791,64.6922822970529694,48.4561080512508653,41.4121162610316915,38.8857540691319983,38.1752041155109367,62.9928923309955167,62.9255549059938915,62.9071593483134492,62.9012566528997468,62.8987464152550544,62.8972277339493502,62.8960231306359603,62.8949266586025999,62.8938705915190397,62.8928308387863666
152,23.543,85.0819217181889655,64.8872917175722534,48.5452100380307741,41.4506721569609624,38.8996384832901612,38.1796328807444851,62.9949151194450465,62.9261924255091003,62.9073704492932819,62.9013310991332659,62.8987745956384572,62.8972392130627611,62.896028153318845,62.8949290079723156,62.8938717590000778,62.8928314511120305
153,23.5508,85.1982484335231902,65.0821536552965512,48.634554871755256,41.4894054559932997,38.9136351027487777,38.1841134556502126,62.9969689524979941,62.9268418802229874,62.9075861784831076,62.9014073937288956,62.8988035468527471,62.8972510305046626,62.8960333327649508,62.8949314339811494,62.8938729659040803,62.892832084691122
154,23.8008,85.5703825936869293,65.275632757986088,48.7241448171550928,41.5283159925362781,38.9277440825196095,38.188646087337041,62.9990540869355016,62.927503404598724,62.9078066015669322,62.9014855679260663,62.8988332837822952,62.897263193508465,62.8960386725976619,62.894933938510114,62.893874213244807,62.8928327400907321
155,23.8086,85.6870452487773946,65.4689929232072529,48.8139803132091572,41.5674036057189653,38.941965575587794,38.1932310218204023,38.0007936144192584,62.9281771335100117,62.9080317846119357,62.9015656532289782,62.8988638214730855,62.8972757094012991,62.8960441764939802,62.8949365234708395,62.8938755020538593,62.892833417888319
156,24.0586,86.0609538926397448,65.6610041534958384,48.9040636289224437,41.6066681364355375,38.9562997329344682,38.1978685040230417,38.0022498744630184,62.9288632022360019,62.9082617940657514,62.9016476814056915,62.8988951751330134,62.8972885856044641,62.8960498481846031,62.8949391908058644,62.8938768333807303,62.8928341186720914
157,24.0664,86.1779645793647262,65.8529243876675423,48.9943951921059906,41.6461094302857191,38.9707467035520025,38.2025587777756499,38.0037277293611098,62.9295617464564359,62.9084966967544332,62.9017316844878209,62.8989273601319212,62.897301829633534,62.8960556914542934,62.89494194248865,62.8938782082929961,62.8928348430409372
158,24.3164,86.5537240094171239,66.0435288813097259,49.0849772760351186,41.6857273345960593,38.9853066344660988,38.2073020858177301,38.0052273471289865,62.9302729022468981,62.9087365598798343,62.901817694769683,62.8989603920016194,62.8973154490989472,62.8960617101422343,62.8949447805240212,62.8938796278764656,62.8928355916046016
159,24.3242,86.6710919010621268,66.2340697172389241,49.175810297402478,41.7255217013838546,38.9999796707506974,38.2120986697983227,38.0067488956891566,62.9309968060737361,62.9089814510172616,62.901905744807685,62.8989942864362135,62.8973294517059784,62.8960679081422498,62.8949477069483223,62.8938810932353363,62.8928363649838005
160,24.5742,87.048774532527176,66.4233273002924136,49.266896533759116,41.7654923843560297,39.014765955549862,38.2169487702768222,38.008292542866549,62.9317335947896481,62.9092314381132667,62.9019958674197284,62.8990290592919052,62.8973438452553069,62.8960742894030247,62.8949507238295098,62.8938826054923723,62.892837163810249
161,24.582,87.1665060101697833,66.6125479634004307,49.3582363907336941,41.8056392418966425,39.0296656300923104,38.2218526267239582,38.0098584563835544,62.9324834056287443,62.9094865894831159,62.9020880956845119,62.8990647265872553,62.8973586376430163,62.8960808579285029,62.8949538332675573,62.8938841657890109,62.8928379887268818
162,24.832,87.5461805245829652,66.8005171550746581,49.4498321501666496,41.8459621340432832,39.0446788337127515,38.2268104775224842,38.0114468038555273,62.9332463762018293,62.9097469738084314,62.9021824629408073,62.8991013045031622,62.897373836861199,62.8960876177780932,62.8949570373945051,62.8938857752854972,62.8928388403878245
163,24.8398,87.6642792987638302,66.9884755674386128,49.5416842066815803,41.8864609254980493,39.0598057038663882,38.2318225599682293,38.0130577527860467,62.9340226444920816,62.9100126601348748,62.9022790027868695,62.8991388093829542,62.8973894509979061,62.8960945730669465,62.8949603383748439,62.8938874351612114,62.8928397194586708
164,25.0898,88.0460107912364549,67.1752135856060448,49.6337948464293675,41.9271354825816047,39.0750463761498352,38.2368891102710009,38.0146914705623757,62.9348123488502438,62.9102837178697669,62.9023777490795624,62.8991772577324326,62.8974054882376379,62.8961017279661974,62.8949637384055009,62.8938891466145265,62.8928406266163407
165,25.0977,88.1644780190994197,67.3619663725713025,49.7261644530908313,41.9679856762674959,39.0904009843152522,38.2420103635555435,38.016348124451028,62.9356156279901739,62.9105602167797429,62.9024787359337978,62.8992166662198997,62.8974219568614643,62.896109086703305,62.8949672397162445,62.8938909108632416,62.8928415625495134
166,25.3477,88.5483281394886319,67.5475291417325252,49.8187953171550149,42.0090113791138151,39.1058696602911908,38.2471865538624911,38.0180278815932908,62.9364326209843412,62.9108422269883576,62.9025819977218461,62.8992570516761305,62.897438865247338,62.8961166535622169,62.8949708445698121,62.8938927291445324,62.8928425279583649
167,25.3555,88.6671625375652468,67.7331316408862989,49.9116878114250966,42.0502124683208223,39.121452534196159,38.2524179141494258,38.0197309090007991,62.9372634672596192,62.9111298189737695,62.9026875690723912,62.8992984310944934,62.897456221870371,62.8961244328837097,62.8949745552621877,62.893894602715207,62.8928435235549657
168,25.6055,89.0531896257725464,67.9175738023812698,50.0048442307619112,42.0915888226402188,39.1371497343594328,38.25770467629183,38.0214573735513142,62.9381083065925466,62.9114230635663674,62.9027954848700261,62.8993408216308509,62.897474035302956,62.8961324290656094,62.8949783741226156,62.8938965328518833,62.8928445500632662
169,25.6133,89.1723875785777551,68.1020800746811972,50.0982649371585183,42.1331403254560612,39.1529613873343862,38.2630470710842872,38.0232074419844537,62.938967279105384,62.9117220319464892,62.9029057802543079,62.8993842406036663,62.8974923142151141,62.896140646563012,62.8949823035140625,62.8938985208509891,62.8928456082191474
170,25.8633,89.560646794191058,68.2854549989428392,50.1919522298862901,42.1748668616716103,39.168887617918827,38.268445328241377,38.0249812808974283,62.9398405252615589,62.9120267956419781,62.903018490619246,62.8994287054938397,62.8975110673746869,62.896149089888624,62.8949863458332601,62.8939005680290535,62.8928466987706329
171,25.8711,89.680202458790518,68.4689178417983584,50.2859064601973103,42.2167683208134292,39.1849285491682409,38.2738996763988624,38.0267790567409776,62.9407281858616372,62.9123374265259869,62.9031336516122437,62.8994742339449076,62.8975303036475424,62.8961577636128908,62.894990503510904,62.8939026757227708,62.892847822477961
172,26.1211,90.0520931021801658,68.651277642450296,50.3801299318171516,42.258844593895887,39.2010843024159783,38.2794103431148258,38.0286009358152626,62.9416304020389674,62.9126539968145195,62.9032512991335508,62.8995208437627724,62.8975500319977243,62.896166672364302,62.8949947790119381,62.8939048452892422,62.8928489801135981
173,26.1289,90.1394779022376582,68.8337486045611513,50.474622985327251,42.301095576548299,39.2173549972861082,38.2849775548707356,38.0304470842658304,62.9425473152556876,62.9129765790641926,62.9033714693354042,62.899568552915845,62.8975702614878998,62.8961758208296757,62.8949991748356538,62.8939070781060252,62.8928501724624738
174,26.3789,90.4222643008642706,69.0151441541682544,50.5693879289552299,42.3435211658571973,39.2337407517134622,38.2906015370726536,38.0323176680796138,62.943479067298604,62.9133052461699762,62.9034941986211749,62.8996173795349378,62.8975910012792525,62.8961852137542934,62.8950036935159957,62.8939093755712761,62.8928514003220513
175,26.3867,90.5060405792015814,69.1966735519317666,50.6644250926829898,42.3861212635163227,39.2502416819563251,38.2962825140523861,38.0342128530811152,62.9444258002750487,62.9136400713627282,62.9036195236446645,62.8996673419131724,62.8976122606319095,62.8961948559422197,62.8950083376216469,62.8939117391040128,62.892852664502314
176,26.6367,90.781741358870903,69.3771544992195146,50.7597367892918001,42.4288957726466691,39.2668579026162092,38.3020207090686498,38.0361328049283429,62.9453876566090713,62.913981128207034,62.9037474813092672,62.8997184585059799,62.8976340489050401,62.8962047522564447,62.895013109756313,62.8939141701441002,62.8928539658259993
177,26.6445,90.862075908533626,69.5577914345267203,50.8553233382357348,42.4718446009693977,39.2835895266503599,38.3078163443083284,38.0380776891091941,62.9463647790373031,62.914328490598912,62.9038781087671879,62.8997707479310151,62.8976563755570481,62.8962149076192034,62.895018012558829,62.8939166701525494,62.8928553051286912
178,26.8945,91.1309881658931573,69.7374062228945348,50.951187056904601,42.5149676576037052,39.3004366653914303,38.3136696408876531,38.0400476709375965,62.9473573106051845,62.9146822327633828,62.904011443418554,62.8998242289680505,62.8976792501457638,62.8962253270121536,62.8950230487034858,62.8939192406115311,62.8928566832588345
179,26.9023,91.2080403318160648,69.9171986021438698,51.0473282542964171,42.5582648562622978,39.3173994285597175,38.3195808188534741,38.0420429155497573,62.9483653946630568,62.9150424292523951,62.9041475229106197,62.899878920558919,62.8977026823286351,62.8962360154766102,62.8950282209000164,62.8939218830245892,62.8928581010779126
180,27.1523,91.4704478412040771,70.095994489306392,51.1437492524674155,42.6017361120272398,39.3344779242826306,38.3255500971845251,38.0440635879005526,62.9493891748623184,62.9154091549424379,62.9042863851370058,62.8999348418074149,62.897726681862892,62.8962469781137514,62.895033531893958,62.8939245989167688,62.892859559460554
181,27.1602,91.5443698891857736,70.2749890434730276,51.2404503500312103,42.6453813445680936,39.3516722591069055,38.3315776937926458,38.0461098527598978,62.9504287951516446,62.9157824850322314,62.9044280682367685,62.8999920119791938,62.8977512586056946,62.8962582200847962,62.8950389844668081,62.8939273898347579,62.8928610592945248
182,27.4102,91.8005437910109947,70.4530121220726926,51.3374338737711327,42.6892004748955571,39.3689825380178036,38.3376638255241602,38.0481818747091083,62.9514843997734346,62.9161624950406804,62.9045726105935898,62.9000504505016522,62.8977764225143119,62.8962697466113099,62.8950445814361032,62.8939302573470371,62.8928626014810206
183,27.418,91.87148125541475,70.6312544276815828,51.4347001119875102,42.7331934286023056,39.3864088644511554,38.343808708161113,38.0502798181374473,62.95255613325984,62.9165492608043522,62.9047200508349391,62.9001101769638495,62.8978021836462702,62.8962815629753393,62.895050325655717,62.8939332030439289,62.8928641869345739
184,27.668,92.1216807032769225,70.8085496467256803,51.5322513962538267,42.7773601325943886,39.4039513403124886,38.3500125564226408,38.052403847238601,62.9536441404293825,62.9169428584755011,62.9048704278312272,62.9001712111163087,62.8978285521595026,62.8962936745196259,62.8950562200160235,62.8939362285379246,62.8928658165832388
185,27.6758,92.1897727148719071,70.9860841475853022,51.6300880046277513,42.8217005183546178,39.4216100659888653,38.3562755839662799,38.0545541260072824,62.9547485663832305,62.9173433645195956,62.9050237806949042,62.9002335728709951,62.8978555383125197,62.8963060866478614,62.8950622674440183,62.8939393354636564,62.8928674913687544
186,27.9258,92.4342454842357171,71.1626953345702731,51.7282122735379204,42.8662145186519368,39.4393851403678752,38.3625980033893725,38.0567308182357564,62.9558695565016109,62.9177508557134288,62.9051801487796496,62.9002972823010467,62.8978831524645443,62.8963188048248156,62.8950684709035173,62.8939425254780673,62.8928692122465236
187,27.9336,92.4996250794886095,71.3395653641346996,51.8266244708691488,42.9109020708271984,39.4572766608494021,38.3689800262303748,38.0589340875105506,62.9570072564404981,62.9181654091425031,62.9053395716794697,62.9003623596407948,62.8979114050754973,62.8963318345765501,62.8950748333953555,62.8939458002606528,62.8928709801857764
188,28.1836,92.7386081405107205,71.5155352477299431,51.925326937972315,42.9557631134805149,39.4752847233644104,38.3754218629703203,38.0611640972091294,62.9581618121278765,62.9185871021991545,62.9055020892278236,62.900428825285438,62.8979403067064737,62.8963451814906378,62.8950813579576575,62.8939491615133974,62.8928727961696836
189,28.1914,92.8014025535412372,71.6917830519654871,52.0243199326281527,43.000797589779296,39.4934094223865344,38.3819237230341415,38.0634210104966257,62.9593333697604436,62.9190160125801938,62.9056677414967353,62.9004966997910273,62.8979698680195227,62.8963588512163625,62.8950880476657375,62.8939526109611293,62.8928746611953997
190,28.4414,93.035122610455673,71.8671532851385564,52.123605801178428,43.0460054441237077,39.5116508509509501,38.3884858147921904,38.0657049903226081,62.9605220758003483,62.9194522182847962,62.905836568795948,62.9005660038741965,62.8980000997778461,62.8963728494648606,62.8950949056325683,62.8939561503515137,62.8928765762742259
191,28.4492,93.0954535487806965,72.0428200457812693,52.2231847913674159,43.0913866254768791,39.5300091006656373,38.3951083455616171,38.0680161994178832,62.9617280769716317,62.919895797612341,62.9060086116720072,62.9006367584120838,62.8980310128461184,62.8963871820093701,62.8951019350087677,62.8939597814552371,62.8928785424316388
192,28.6992,93.3241275480688017,72.2176312292553746,52.3230592545980144,43.1369410840084981,39.5484842617302021,38.4017915216078052,38.070354800291355,62.9629515202569863,62.920346829160124,62.9061839109073517,62.9007089844420904,62.8980626181903588,62.8964018546853225,62.8951091389828605,62.8939635060660791,62.8928805607075105
193,28.707,93.3821114531792489,72.3927570873543118,52.4232294286443903,43.1826687744470732,39.5670764229470464,38.4085355481458706,38.0727209552269699,62.9641925528946089,62.9208053918213892,62.9063625075194821,62.9007827031617097,62.8980949268780805,62.8964168733905709,62.8951165207814,62.89396732600121,62.8928826321560166
194,28.957,93.605947062586452,72.5670487932982269,52.5236976700421039,43.228569652701708,39.5857856717400907,38.4153406293421895,38.0751148262805543,62.9654513223748822,62.9212715647830692,62.9065444427599942,62.9008579359283075,62.8981279500785888,62.8964322440856023,62.8951240836691312,62.8939712431010918,62.8928847578458985
195,28.9648,93.6616953563251258,72.7416728729486977,52.6244642066602211,43.274643679236469,39.6046120941658302,38.4222069683158054,38.0775365752768167,62.9667279764371415,62.9217454275237174,62.9067297581136913,62.9009347042590861,62.8981616990627401,62.8964479727936876,62.8951318309491683,62.8939752592297907,62.8928869388605136
196,29.2148,93.8808914166353077,72.9154836688069992,52.7255314002396531,43.3208908156701398,39.6235557749318801,38.4291347671400061,38.0799863638063911,62.9680226630666553,62.9222270598111706,62.9069184952977523,62.9010130298306436,62.8981961852033322,62.8964640656009806,62.8951397659631724,62.8939793762750199,62.8928891762978495
197,29.2227,93.9345107342757899,73.0896441009856943,52.8268994688078521,43.3673110281727787,39.6426167974080386,38.4361242268438588,38.0824643532228677,62.9693355304914064,62.9227165417009218,62.9071106962606592,62.9010929344789531,62.8982314199750121,62.8964805286567668,62.8951478920915008,62.8939835961482956,62.8928914712707936
198,29.4727,94.149257685615396,73.2630115733668106,52.9285707793847706,43.4139042840435678,39.6617952436447254,38.4431755474137447,38.0849707046398009,62.9706667271791716,62.9232139535334554,62.9073064031814582,62.9011744401990001,62.8982674149545176,62.8964973681736694,62.8951562127533137,62.8939879207850652,62.8928938249070484
199,29.4805,94.2008500964775948,73.4367455197894401,53.0305455402182986,43.4606705551292833,39.681091194383832,38.4502889277949222,38.0875055789278747,62.9720164018342885,62.9237193759325066,62.907505658468736,62.9012575691447324,62.8983041818204995,62.8965145904275857,62.8951647314068651,62.8939923521448421,62.8928962383493229
200,29.7305,94.4113303807935864,73.6097062983353823,53.132826123681987,43.507609814380416,39.700504729077231,38.4574645658931047,38.0900691367121169,62.9733847033949132,62.9242328898028802,62.9077085047597535,62.9013423436286701,62.8983417323538987,62.8965322017582054,62.895173451549546,62.8939968922112698,62.8928987127554109
201,29.7383,94.4609935971728589,73.7830499752645892,53.235412728304496,43.5547220392914483,39.7200359258974345,38.4647026585760869,38.0926615383689366,62.9747717810298226,62.9247545763284464,62.9079149849195005,62.9014287861218335,62.8983800784377749,62.8965502085687973,62.895182376717969,62.8940015429923776,62.8929012492983048
202,29.9883,94.66738203841048,73.955639756434465,53.338307731888392,43.6020072084353245,39.7396848617560039,38.4720034016753374,38.0952829440234524,62.9761777841357073,62.9252845169699313,62.9081251420397862,62.9015169192533676,62.8984192320575346,62.8965686173266505,62.8951915104884023,62.8940063065205521,62.8929038491662524
203,29.9961,94.7152096135433368,74.1286284583734414,53.4415113233017465,43.6494653049253785,39.7594516123142014,38.4793669899876321,38.0979335135466783,62.977602862334173,62.925822793463027,62.9083390194382659,62.9016067658103708,62.8984592053008527,62.8965874345629956,62.8952008564765706,62.8940111848528289,62.8929065135628775
