dim_1,dim_2,dim_3,value
1,1,1,1492026450.3937070369720459
1,1,2,122705567.9542396515607834
1,1,3,4647891.1586313936859369
1,1,4,56321.8603626694384729
1,1,5,211.4034252859155458
1,1,6,0.3138205764094925
1,1,7,0.0001510968641709
1,1,8,0.0000000215581594
1,1,9,0.0000000000011885
1,1,10,2.05009e-17
1,1,11,1.06351e-22
1,1,12,2.2478e-28
1,1,13,1.37897e-34
1,1,14,2.79455e-41
1,1,15,2.36361e-48
1,1,16,0
1,2,1,130339787.2280356734991074
1,2,2,895533499.4791631698608398
1,2,3,209183211.9397264719009399
1,2,4,13390337.9832341764122248
1,2,5,293218.2431426079128869
1,2,6,2271.5850215439681961
1,2,7,5.8171769054733149
1,2,8,0.0048864083720839
1,2,9,0.0000015245447433
1,2,10,0.0000000001423925
1,2,11,0.0000000000000037
1,2,12,4.85326e-20
1,2,13,1.31316e-25
1,2,14,2.10538e-31
1,2,15,9.82951e-38
1,2,16,0
1,3,1,4616874.0782631151378155
1,3,2,222666934.6168071329593658
1,3,3,506052826.5006729960441589
1,3,4,178053288.4606216251850128
1,3,5,14247607.0331954937428236
1,3,6,474502.6598767716786824
1,3,7,4450.9434127364511369
1,3,8,18.3698702665683946
1,3,9,0.0152007068091968
1,3,10,0.000008065778832
1,3,11,0.0000000009424152
1,3,12,0.000000000000037
1,3,13,5.55619e-19
1,3,14,2.33308e-24
1,3,15,2.15042e-30
1,3,16,0
1,4,1,52557.3628813558607362
1,4,2,12926418.0913249664008617
1,4,3,185431416.0420825481414795
1,4,4,272434058.9101625680923462
1,4,5,133501688.5184108018875122
1,4,6,14964868.313093401491642
1,4,7,544140.7504252376966178
1,4,8,7647.0938503612251225
1,4,9,25.4172974749188825
1,4,10,0.0339914829533656
1,4,11,0.0000130603250103
1,4,12,0.0000000023525236
1,4,13,0.0000000000000875
1,4,14,1.43572e-18
1,4,15,7.74654e-24
1,4,16,0
1,5,1,228.5004256831015539
1,5,2,291851.8078237501904368
1,5,3,14573564.4770767726004124
1,5,4,141095421.7395540177822113
1,5,5,137171668.1552279591560364
1,5,6,111877374.7801380753517151
1,5,7,13197121.3104036338627338
1,5,8,534826.7848032047040761
1,5,9,10353.4559855854040507
1,5,10,39.4538735292859783
1,5,11,0.0586926378070523
1,5,12,0.0000261336446177
1,5,13,0.0000000029487043
1,5,14,0.0000000000000743
1,5,15,1.40426e-18
1,5,16,0
1,6,1,0.3349041482108924
1,6,2,2353.3583880506989772
1,6,3,433214.5371035421267152
1,6,4,13414049.6778686679899693
1,6,5,108504822.1041077077388763
1,6,6,78321367.526246652007103
1,6,7,80991862.6603930443525314
1,6,8,12863679.2572519667446613
1,6,9,604614.2833131531951949
1,6,10,10294.4428825869363209
1,6,11,42.6061514180437513
1,6,12,0.0480790153016661
1,6,13,0.0000134511294373
1,6,14,0.0000000022930543
1,6,15,0.0000000000000915
1,6,16,0
1,7,1,0.000140754402626
1,7,2,5.41556591420591
1,7,3,4868.897325848906803
1,7,4,452143.1331970636965707
1,7,5,12947383.9602709356695414
1,7,6,89559369.4567693918943405
1,7,7,34691999.5014991983771324
1,7,8,58912450.5771223232150078
1,7,9,9743069.8066854402422905
1,7,10,319105.6124557129805908
1,7,11,3062.6541613355602749
1,7,12,9.924561463085162
1,7,13,0.0084814397207357
1,7,14,0.0000012397116058
1,7,15,0.0000000001534385
1,7,16,0
1,8,1,0.0000000213448748
1,8,2,0.004548028367495
1,8,3,16.1194243999542017
1,8,4,6777.24309074780831
1,8,5,586581.3401692135958001
1,8,6,11701827.8210407812148333
1,8,7,53418660.8787410035729408
1,8,8,18092127.7060800604522228
1,8,9,29696608.5301953703165054
1,8,10,2455231.2150687593966722
1,8,11,46729.7667450862863916
1,8,12,188.3281017969779327
1,8,13,0.1941114594768912
1,8,14,0.0000994844930238
1,8,15,0.0000000085434786
1,8,16,0
1,9,1,0.0000000000011476
1,9,2,0.0000014329589807
1,9,3,0.0176274254419898
1,9,4,28.0780936969826591
1,9,5,8661.5414360002614558
1,9,6,626741.2953005778836086
1,9,7,8304550.4413219802081585
1,9,8,28513596.6166981011629105
1,9,9,7641449.512405052781105
1,9,10,5368867.8445333344861865
1,9,11,176805.1010526602331083
1,9,12,1034.4632588259742079
1,9,13,1.5670895650328054
1,9,14,0.0006583208265869
1,9,15,0.0000000794289191
1,9,16,0
1,10,1,1.6914e-17
1,10,2,0.0000000001330216
1,10,3,0.0000057832809559
1,10,4,0.0317451090020229
1,10,5,45.0028727870551464
1,10,6,8847.426021875535298
1,10,7,480723.4290033479337581
1,10,8,3262650.1013853284530342
1,10,9,5364517.5935096256434917
1,10,10,804695.696323860087432
1,10,11,167072.8790131154819392
1,10,12,987.7659009656962326
1,10,13,1.5352103614560326
1,10,14,0.0006575343546415
1,10,15,0.0000001659331456
1,10,16,0
1,11,1,1.06809e-22
1,11,2,0.0000000000000042
1,11,3,0.0000000007543744
1,11,4,0.0000158289237794
1,11,5,0.0691214784285684
1,11,6,42.3273661729801134
1,11,7,4499.4697093261311238
1,11,8,57468.5203528534621
1,11,9,202564.5719707778189331
1,11,10,175161.6407976484333631
1,11,11,7495.8415238156767373
1,11,12,693.9814890411556689
1,11,13,0.8266197888712928
1,11,14,0.0002918515024483
1,11,15,0.000000031206095
1,11,16,0
1,12,1,1.90448e-28
1,12,2,5.03835e-20
1,12,3,0.0000000000000288
1,12,4,0.0000000023470688
1,12,5,0.0000238359136131
1,12,6,0.0376196582908636
1,12,7,16.522692091591427
1,12,8,340.7199725384305111
1,12,9,2373.2072034722104945
1,12,10,2057.9421374380758607
1,12,11,712.8343261558189852
1,12,12,5.8668806045080153
1,12,13,0.1028611844631468
1,12,14,0.0000311352045506
1,12,15,0.0000000028243195
1,12,16,0
1,13,1,1.46788e-34
1,13,2,1.182e-25
1,13,3,3.25915e-19
1,13,4,0.0000000000001148
1,13,5,0.0000000026247839
1,13,6,0.0000124237184196
1,13,7,0.0110866997187185
1,13,8,0.3813241056231096
1,13,9,3.7434750119337137
1,13,10,3.4265766387271315
1,13,11,0.9734256427632086
1,13,12,0.1035994699326942
1,13,13,0.000235076180552
1,13,14,0.0000025376638272
1,13,15,0.0000000002058889
1,13,16,0
1,14,1,2.58369e-41
1,14,2,1.45353e-31
1,14,3,1.58801e-24
1,14,4,1.21986e-18
1,14,5,0.0000000000001492
1,14,6,0.0000000012841704
1,14,7,0.0000019304168098
1,14,8,0.0002021321269867
1,14,9,0.0015994804910092
1,14,10,0.002765286550994
1,14,11,0.0003899733661339
1,14,12,0.000033885459711
1,14,13,0.0000025426861243
1,14,14,0.000000001698412
1,14,15,0.0000000000079242
1,14,16,0
1,15,1,1.74227e-48
1,15,2,6.41493e-38
1,15,3,3.3685e-30
1,15,4,6.4622e-24
1,15,5,1.32522e-18
1,15,6,0.0000000000000429
1,15,7,0.0000000001333913
1,15,8,0.0000000177696139
1,15,9,0.0000003411846112
1,15,10,0.0000003605179042
1,15,11,0.0000000468859966
1,15,12,0.0000000033198195
1,15,13,0.0000000002215977
1,15,14,0.0000000000079336
1,15,15,0.0000000000000016
1,15,16,0
1,16,1,0
1,16,2,0
1,16,3,0
1,16,4,0
1,16,5,0
1,16,6,0
1,16,7,0
1,16,8,0
1,16,9,0
1,16,10,0
1,16,11,0
1,16,12,0
1,16,13,0
1,16,14,0
1,16,15,0
1,16,16,0
2,1,1,25585070.1638812646269798
2,1,2,9946102.0852848086506128
2,1,3,603832.1646139289950952
2,1,4,7048.4491206702114141
2,1,5,18.9401852840715144
2,1,6,0.0216478946493731
2,1,7,0.0000081615077364
2,1,8,0.0000000009462083
2,1,9,0.0000000000000502
2,1,10,8.29456e-19
2,1,11,3.96213e-24
2,1,12,8.54811e-30
2,1,13,4.90793e-36
2,1,14,9.09005e-43
2,1,15,7.04105e-50
2,1,16,0
2,2,1,12031185.9865155387669802
2,2,2,19685817.6799062974750996
2,2,3,24417447.6699724532663822
2,2,4,2040582.2911425218917429
2,2,5,41316.6198429190699244
2,2,6,247.8606896287752761
2,2,7,0.4481575720400739
2,2,8,0.0002780710018004
2,2,9,0.0000000741315628
2,2,10,0.0000000000061053
2,2,11,0.0000000000000001
2,2,12,1.85656e-21
2,2,13,4.2502e-27
2,2,14,6.91262e-33
2,2,15,2.70702e-39
2,2,16,0
2,3,1,587167.3102228627540171
2,3,2,28705863.8072510287165642
2,3,3,14921728.244756979867816
2,3,4,26706050.8968322910368443
2,3,5,2501957.3714328240603209
2,3,6,77946.6683355145505629
2,3,7,502.3233362881239827
2,3,8,1.4391819035204652
2,3,9,0.0007914345086396
2,3,10,0.0000003788964285
2,3,11,0.000000000036322
2,3,12,0.0000000000000012
2,3,13,1.61614e-20
2,3,14,5.51887e-26
2,3,15,3.77905e-32
2,3,16,0
2,4,1,5973.5453345742826059
2,4,2,1858713.7150481364224106
2,4,3,28906992.6845454499125481
2,4,4,11261860.1617258209735155
2,4,5,25377919.0690932609140873
2,4,6,3038733.2399560157209635
2,4,7,78914.1236902654200094
2,4,8,670.4311977786892385
2,4,9,1.3763360109320548
2,4,10,0.0014164320907661
2,4,11,0.0000004426753115
2,4,12,0.0000000000683633
2,4,13,0.0000000000000021
2,4,14,2.87347e-20
2,4,15,1.17966e-25
2,4,16,0
2,5,1,21.5453666353504296
2,5,2,39910.5932573589889216
2,5,3,2524935.4283669111318886
2,5,4,27375207.1554527580738068
2,5,5,8429843.8297157343477011
2,5,6,25214964.5703267492353916
2,5,7,2303624.569902356248349
2,5,8,58144.6252023274719249
2,5,9,643.2043957978726212
2,5,10,1.5360459426572322
2,5,11,0.0017312463954704
2,5,12,0.000000601377191
2,5,13,0.0000000000538205
2,5,14,0.0000000000000011
2,5,15,1.72279e-20
2,5,16,0
2,6,1,0.0236475716911344
2,6,2,251.3325024920425506
2,6,3,66019.46064637323434
2,6,4,2582788.733685692306608
2,6,5,24405518.2486690878868103
2,6,6,9395281.7561592347919941
2,6,7,16872202.3130326792597771
2,6,8,1510220.9450030238367617
2,6,9,37657.7474642965316889
2,6,10,385.2446532355882027
2,6,11,1.1226451768176204
2,6,12,0.000990892625795
2,6,13,0.000000233725251
2,6,14,0.0000000000335979
2,6,15,0.000000000000001
2,6,16,0
2,7,1,0.0000071429838366
2,7,2,0.3838555896771189
2,7,3,537.6387570915138667
2,7,4,67315.025141875477857
2,7,5,2313168.8706668736413121
2,7,6,17869307.2785281166434288
2,7,7,6493295.9938844013959169
2,7,8,7152558.2505667237564921
2,7,9,525299.3023379474179819
2,7,10,10102.247863294889612
2,7,11,69.8378938946978991
2,7,12,0.1764008408490754
2,7,13,0.0001218526704158
2,7,14,0.0000000151203895
2,7,15,0.0000000000014356
2,7,16,0
2,8,1,0.0000000009324478
2,8,2,0.0002470400336243
2,8,3,1.1429380024783988
2,8,4,675.2245465931638364
2,8,5,64058.0496656219256693
2,8,6,1344451.2452208616305143
2,8,7,6845769.3712884662672877
2,8,8,2153092.2160274726338685
2,8,9,1282697.1855815777089447
2,8,10,59068.5438587055759854
2,8,11,795.7899734609364941
2,8,12,2.5560627235251028
2,8,13,0.002209854224024
2,8,14,0.0000009190528292
2,8,15,0.0000000000622934
2,8,16,0
2,9,1,0.0000000000000481
2,9,2,0.0000000684471077
2,9,3,0.0009102276147071
2,9,4,1.7293896025452329
2,9,5,552.7568755725075107
2,9,6,37861.7685594706854317
2,9,7,506955.2535498141078278
2,9,8,1276318.0071818013675511
2,9,9,251165.0026443612005096
2,9,10,95843.8715351354621816
2,9,11,2167.9266551884406908
2,9,12,9.8959861663011335
2,9,13,0.0123484788421814
2,9,14,0.0000043123958838
2,9,15,0.0000000004082029
2,9,16,0
2,10,1,6.31259e-19
2,10,2,0.0000000000056345
2,10,3,0.0000002424168616
2,10,4,0.0013962455791026
2,10,5,1.8674472289663666
2,10,6,325.8761449900174512
2,10,7,15537.3414783357529814
2,10,8,77417.2794181127974298
2,10,9,96371.1017315234203124
2,10,10,10801.2684410988404125
2,10,11,1633.4736058763401161
2,10,12,7.3607548169205046
2,10,13,0.0093562866703554
2,10,14,0.0000033318143587
2,10,15,0.0000000006654068
2,10,16,0
2,11,1,4.12721e-24
2,11,2,0.0000000000000002
2,11,3,0.0000000000284529
2,11,4,0.0000005743569175
2,11,5,0.0020494705437646
2,11,6,1.093227675992726
2,11,7,101.3524397155223653
2,11,8,967.7338951894798811
2,11,9,2506.8824518681817608
2,11,10,1717.396538107069091
2,11,11,59.4070130395424769
2,11,12,4.5426192430923704
2,11,13,0.0044805306248974
2,11,14,0.0000013240773236
2,11,15,0.0000000001112423
2,11,16,0
2,12,1,6.90378e-30
2,12,2,1.91833e-21
2,12,3,0.0000000000000009
2,12,4,0.000000000069198
2,12,5,0.000000544733944
2,12,6,0.0007513615636392
2,12,7,0.283797352754533
2,12,8,4.4478102064621989
2,12,9,22.5249371391469637
2,12,10,15.5467730900922092
2,12,11,4.6645365369468204
2,12,12,0.0330117531481136
2,12,13,0.0005037476451844
2,12,14,0.0000001293246616
2,12,15,0.0000000000093633
2,12,16,0
2,13,1,5.5514e-36
2,13,2,3.60092e-27
2,13,3,9.24312e-21
2,13,4,0.0000000000000027
2,13,5,0.0000000000505674
2,13,6,0.0000002068013284
2,13,7,0.0001539388381247
2,13,8,0.0041399708006115
2,13,9,0.0288477297558781
2,13,10,0.0208340686200169
2,13,11,0.0052357055828221
2,13,12,0.0005070865802997
2,13,13,0.0000010216129095
2,13,14,0.0000000096396259
2,13,15,0.0000000000006245
2,13,16,0
2,14,1,8.27231e-43
2,14,2,4.29717e-33
2,14,3,4.04036e-26
2,14,4,2.29433e-20
2,14,5,0.0000000000000024
2,14,6,0.0000000000178085
2,14,7,0.0000000223270652
2,14,8,0.0000017854811322
2,14,9,0.0000102020764038
2,14,10,0.0000140363937771
2,14,11,0.0000017469933858
2,14,12,0.0000001400364821
2,14,13,0.0000000096575113
2,14,14,0.000000000005694
2,14,15,0.0000000000000216
2,14,16,0
2,15,1,4.78058e-50
2,15,2,1.64019e-39
2,15,3,6.95396e-32
2,15,4,9.61231e-26
2,15,5,1.5839e-20
2,15,6,0.0000000000000005
2,15,7,0.0000000000012465
2,15,8,0.0000000001240808
2,15,9,0.0000000016971126
2,15,10,0.0000000014235891
2,15,11,0.0000000001643876
2,15,12,0.0000000000109283
2,15,13,0.0000000000006694
2,15,14,0.0000000000000217
2,15,15,3.50628e-18
2,15,16,0
2,16,1,0
2,16,2,0
2,16,3,0
2,16,4,0
2,16,5,0
2,16,6,0
2,16,7,0
2,16,8,0
2,16,9,0
2,16,10,0
2,16,11,0
2,16,12,0
2,16,13,0
2,16,14,0
2,16,15,0
2,16,16,0
3,1,1,1764032.0159955767448992
3,1,2,8213678.8103934656828642
3,1,3,499840.4820277368999086
3,1,4,4892.0449169189050735
3,1,5,9.5078738354437089
3,1,6,0.0072932278680863
3,1,7,0.000001380797876
3,1,8,0.0000000000689164
3,1,9,0.000000000000002
3,1,10,2.36546e-20
3,1,11,9.82252e-26
3,1,12,2.05683e-31
3,1,13,1.09809e-37
3,1,14,1.86151e-44
3,1,15,1.25193e-51
3,1,16,0
3,2,1,10219254.2461931817233562
3,2,2,3902217.081588935572654
3,2,3,21058744.9152230992913246
3,2,4,1627447.4795061075128615
3,2,5,27928.8005467649927596
3,2,6,127.5004512989585663
3,2,7,0.1472024572647553
3,2,8,0.0000478784623819
3,2,9,0.0000000058613391
3,2,10,0.0000000000002407
3,2,11,3.77963e-18
3,2,12,4.45035e-23
3,2,13,8.86201e-29
3,2,14,1.36735e-34
3,2,15,4.39939e-41
3,2,16,0
3,3,1,471213.7523357328027487
3,3,2,24820773.4947045631706715
3,3,3,6044750.829184097237885
3,3,4,22989246.7379552647471428
3,3,5,1943749.6658175431657583
3,3,6,49896.0698143907138729
3,3,7,228.6662663046555224
3,3,8,0.3746061214062976
3,3,9,0.0000943266629031
3,3,10,0.0000000203384694
3,3,11,0.000000000001023
3,3,12,2.61263e-17
3,3,13,2.92724e-22
3,3,14,8.44954e-28
3,3,15,4.59247e-34
3,3,16,0
3,4,1,3989.9463914604193633
3,4,2,1432296.4328490565530956
3,4,3,24705073.6909917891025543
3,4,4,7100664.3774554254487157
3,4,5,21411185.2962046340107918
3,4,6,2148067.7514045187272131
3,4,7,41116.1204254583935835
3,4,8,202.1684349901610176
3,4,9,0.1842792174776474
3,4,10,0.0000820688739942
3,4,11,0.0000000135679857
3,4,12,0.0000000000014218
3,4,13,3.40144e-17
3,4,14,4.05412e-22
3,4,15,1.31352e-27
3,4,16,0
3,5,1,11.2052603312652774
3,5,2,26464.778161889877083
3,5,3,1914022.0436050521675497
3,5,4,22779509.1545197889208794
3,5,5,6865590.1251721838489175
3,5,6,19455753.6254561953246593
3,5,7,1374054.1246959241107106
3,5,8,22913.8961264138524712
3,5,9,120.3060517990304277
3,5,10,0.1088537449104938
3,5,11,0.0000535619357044
3,5,12,0.0000000110965954
3,5,13,0.0000000000007538
3,5,14,1.30915e-17
3,5,15,1.66762e-22
3,5,16,0
3,6,1,0.0074863877415939
3,6,2,123.3206574618580618
3,6,3,41102.3691206143485033
3,6,4,1823943.6866685426793993
3,6,5,18951232.3582566045224667
3,6,6,8411232.1641297582536936
3,6,7,11108319.0041722413152456
3,6,8,636150.5766468096990138
3,6,9,7817.4572835355147618
3,6,10,29.9776197953973949
3,6,11,0.0348066770903937
3,6,12,0.0000176129143642
3,6,13,0.0000000032318817
3,6,14,0.0000000000003844
3,6,15,9.11966e-18
3,6,16,0
3,7,1,0.000001022576674
3,7,2,0.1111771540915467
3,7,3,233.349868290803073
3,7,4,36880.8482503014965914
3,7,5,1392172.6237024804577231
3,7,6,11495382.5140486489981413
3,7,7,4943488.8499555271118879
3,7,8,3161641.2499304823577404
3,7,9,101284.1761623420752585
3,7,10,676.8206689696518197
3,7,11,1.8482457395977254
3,7,12,0.0026825320872719
3,7,13,0.0000014046196816
3,7,14,0.0000000001489906
3,7,15,0.000000000000011
3,7,16,0
3,8,1,0.0000000000621552
3,8,2,0.0000373152099804
3,8,3,0.262067353912417
3,8,4,234.1846234944021035
3,8,5,24894.2080456848088943
3,8,6,565461.0627586116315797
3,8,7,3097341.6857800660654902
3,8,8,852680.9724069271469489
3,8,9,185602.9730785979190841
3,8,10,2429.2243910976917505
3,8,11,13.1903057170722473
3,8,12,0.0284121439796703
3,8,13,0.000020227740925
3,8,14,0.0000000069658522
3,8,15,0.000000000000379
3,8,16,0
3,9,1,0.0000000000000018
3,9,2,0.0000000047871531
3,9,3,0.0000881108145238
3,9,4,0.2785606209471293
3,9,5,107.1945717120805739
3,9,6,7659.9720857524434905
3,9,7,107050.4122221973229898
3,9,8,187414.0926699757110327
3,9,9,17188.5085313060189947
3,9,10,1921.8775312618740827
3,9,11,22.727612798044813
3,9,12,0.0790050196654972
3,9,13,0.0000825044958676
3,9,14,0.000000024351274
3,9,15,0.0000000000018332
3,9,16,0
3,10,1,1.70747e-20
3,10,2,0.000000000000202
3,10,3,0.0000000105607054
3,10,4,0.0000936940833558
3,10,5,0.1420093999627686
3,10,6,25.1589473358436884
3,10,7,1052.1898288653956115
3,10,8,3085.6552982369225901
3,10,9,1942.3381992149804773
3,10,10,126.6058861776912892
3,10,11,13.4031333762793921
3,10,12,0.0476076361977915
3,10,13,0.0000504899598834
3,10,14,0.0000000151462012
3,10,15,0.0000000000024098
3,10,16,0
3,11,1,1.04622e-25
3,11,2,4.30571e-18
3,11,3,0.0000000000007676
3,11,4,0.0000000188005775
3,11,5,0.0000632698227038
3,11,6,0.0330163003355269
3,11,7,2.5987725720415318
3,11,8,15.5516398545940948
3,11,9,26.3741934503272226
3,11,10,14.1092206661396578
3,11,11,0.4030939145359523
3,11,12,0.0259848716205211
3,11,13,0.0000217723628683
3,11,14,0.0000000054572556
3,11,15,0.000000000000364
3,11,16,0
3,12,1,1.6179e-31
3,12,2,4.36871e-23
3,12,3,1.9871e-17
3,12,4,0.000000000001449
3,12,5,0.00000000999454
3,12,6,0.0000130815027064
3,12,7,0.0041179459329943
3,12,8,0.0474263884916473
3,12,9,0.1783814020731778
3,12,10,0.1013276949631163
3,12,11,0.0266744633628029
3,12,12,0.0001651733962817
3,12,13,0.0000022159003935
3,12,14,0.0000000004897852
3,12,15,0.0000000000000285
3,12,16,0
3,13,1,1.27675e-37
3,13,2,7.00449e-29
3,13,3,1.68786e-22
3,13,4,4.48475e-17
3,13,5,0.0000000000007413
3,13,6,0.000000002754725
3,13,7,0.0000017183327187
3,13,8,0.0000363125421514
3,13,9,0.0001891213311808
3,13,10,0.0001121626180012
3,13,11,0.0000252679636763
3,13,12,0.0000022296536741
3,13,13,0.0000000040198901
3,13,14,0.0000000000333659
3,13,15,0.0000000000000017
3,13,16,0
3,14,1,1.66007e-44
3,14,2,7.93916e-35
3,14,3,6.61675e-28
3,14,4,3.08312e-22
3,14,5,2.96103e-17
3,14,6,0.0000000000001975
3,14,7,0.0000000002094672
3,14,8,0.0000000130005089
3,14,9,0.0000000562699945
3,14,10,0.000000063765666
3,14,11,0.0000000071220052
3,14,12,0.0000000005278068
3,14,13,0.0000000000334242
3,14,14,0.0000000000000175
3,14,15,5.43468e-17
3,14,16,0
3,15,1,8.20987e-52
3,15,2,2.5679e-41
3,15,3,9.29457e-34
3,15,4,1.0464e-27
3,15,5,1.51815e-22
3,15,6,4.17966e-18
3,15,7,0.0000000000000095
3,15,8,0.0000000000007252
3,15,9,0.0000000000073976
3,15,10,0.0000000000050955
3,15,11,0.0000000000005302
3,15,12,0.0000000000000331
3,15,13,0.0000000000000019
3,15,14,5.44038e-17
3,15,15,7.08452e-21
3,15,16,0
3,16,1,0
3,16,2,0
3,16,3,0
3,16,4,0
3,16,5,0
3,16,6,0
3,16,7,0
3,16,8,0
3,16,9,0
3,16,10,0
3,16,11,0
3,16,12,0
3,16,13,0
3,16,14,0
3,16,15,0
3,16,16,0
4,1,1,2007968.5897302413359284
4,1,2,8218713.0515814442187548
4,1,3,477090.1088986831600778
4,1,4,4540.7284308878388401
4,1,5,8.7256938369611579
4,1,6,0.0062682766733656
4,1,7,0.0000010542800694
4,1,8,0.0000000000402171
4,1,9,0.0000000000000006
4,1,10,2.39399e-21
4,1,11,3.55417e-27
4,1,12,4.24545e-33
4,1,13,1.83739e-39
4,1,14,2.78899e-46
4,1,15,1.60002e-53
4,1,16,0
4,2,1,9978486.3003236874938011
4,2,2,4969532.1531592207029462
4,2,3,20390965.5757138058543205
4,2,4,1514640.3892003260552883
4,2,5,24802.2926894757911214
4,2,6,106.5217480376004744
4,2,7,0.114140904309776
4,2,8,0.0000329088457829
4,2,9,0.000000003026233
4,2,10,0.0000000000000663
4,2,11,4.21541e-19
4,2,12,1.80128e-24
4,2,13,1.89633e-30
4,2,14,2.12652e-36
4,2,15,5.33414e-43
4,2,16,0
4,3,1,450515.7343793226173148
4,3,2,23515156.6527718529105186
4,3,3,7556157.7882077265530825
4,3,4,21763167.8994307294487953
4,3,5,1739706.92894112248905
4,3,6,40442.2030357143012225
4,3,7,171.0031532598356705
4,3,8,0.2441385678021166
4,3,9,0.0000524649708227
4,3,10,0.0000000071384184
4,3,11,0.0000000000001433
4,3,12,1.15893e-18
4,3,13,5.51631e-24
4,3,14,1.06533e-29
4,3,15,4.56428e-36
4,3,16,0
4,4,1,3764.1522265215799052
4,4,2,1341243.2094107558950782
4,4,3,23105252.5084152705967426
4,4,4,8521562.6878006216138601
4,4,5,19387444.8394138962030411
4,4,6,1736104.761348175117746
4,4,7,29704.5244334034978237
4,4,8,126.5577906059731106
4,4,9,0.0971236609575319
4,4,10,0.0000297718234701
4,4,11,0.0000000025631691
4,4,12,0.0000000000000979
4,4,13,9.03486e-19
4,4,14,5.83634e-24
4,4,15,1.292e-29
4,4,16,0
4,5,1,10.0349486651779092
4,5,2,23387.4186071216026903
4,5,3,1697329.0712832810822874
4,5,4,20372720.8989548049867153
4,5,5,7816800.6253748442977667
4,5,6,16167249.0319977998733521
4,5,7,1013801.8521411283873022
4,5,8,14716.6241755820483377
4,5,9,62.6934441746084445
4,5,10,0.0421472618075321
4,5,11,0.0000107950527318
4,5,12,0.0000000007704386
4,5,13,0.0000000000000175
4,5,14,1.66983e-19
4,5,15,1.48838e-24
4,5,16,0
4,6,1,0.0062446640016121
4,6,2,101.229082695753533
4,6,3,33557.2485990515779122
4,6,4,1495949.7206070630345494
4,6,5,15819521.2167481034994125
4,6,6,8409631.6189868319779634
4,6,7,8336882.7026220606639981
4,6,8,400635.6884942993056029
4,6,9,4005.0983555286820774
4,6,10,10.9695098454148088
4,6,11,0.0067987315613171
4,6,12,0.0000012495430131
4,6,13,0.0000000000858159
4,6,14,0.0000000000000049
4,6,15,7.70331e-20
4,6,16,0
4,7,1,0.000000765218696
4,7,2,0.0854393586132761
4,7,3,171.1339118597894071
4,7,4,27254.4997942707595939
4,7,5,1027889.308766384376213
4,7,6,8556167.8793687336146832
4,7,7,4118370.4002301511354744
4,7,8,2019329.9276019730605185
4,7,9,50362.7430168769933516
4,7,10,232.7913032175424064
4,7,11,0.311043411782742
4,7,12,0.0001428725568083
4,7,13,0.0000000245801022
4,7,14,0.0000000000014927
4,7,15,7.68672e-17
4,7,16,0
4,8,1,0.0000000000341306
4,8,2,0.0000250300646378
4,8,3,0.1701531385774946
4,8,4,149.2642624859714999
4,8,5,15817.1748751269315107
4,8,6,359161.5376095119281672
4,8,7,1987842.1594906714744866
4,8,8,534781.3953464451478794
4,8,9,88392.2508090744086076
4,8,10,698.5131483317212542
4,8,11,1.3257374968320261
4,8,12,0.0007335472189443
4,8,13,0.0000002105645202
4,8,14,0.0000000000485797
4,8,15,0.0000000000000021
4,8,16,0
4,9,1,0.0000000000000005
4,9,2,0.0000000023119069
4,9,3,0.0000451730640287
4,9,4,0.1482373736849132
4,9,5,56.6574221297516516
4,9,6,3913.1204917230820683
4,9,7,53813.9020593604873284
4,9,8,89129.4158245224098209
4,9,9,6179.6129931727837175
4,9,10,291.4366064529653499
4,9,11,0.7625442049057368
4,9,12,0.0007992118444458
4,9,13,0.0000005240808405
4,9,14,0.0000000001259588
4,9,15,0.0000000000000076
4,9,16,0
4,10,1,1.60665e-21
4,10,2,0.0000000000000473
4,10,3,0.0000000032615939
4,10,4,0.0000363067764303
4,10,5,0.0545858868795652
4,10,6,9.3230043611300317
4,10,7,354.2157390087639328
4,10,8,862.2461580823030545
4,10,9,295.018322599723831
4,10,10,6.205240017965103
4,10,11,0.1625296436895245
4,10,12,0.0003048289139755
4,10,13,0.0000002546765555
4,10,14,0.0000000000644323
4,10,15,0.0000000000000082
4,10,16,0
4,11,1,3.69687e-27
4,11,2,3.34403e-19
4,11,3,0.0000000000000958
4,11,4,0.0000000037221555
4,11,5,0.000012488875626
4,11,6,0.0063551853948824
4,11,7,0.4193796661402474
4,11,8,1.4544924344394889
4,11,9,0.8740032751887997
4,11,10,0.1703441691978566
4,11,11,0.0028206589552137
4,11,12,0.0001384223730446
4,11,13,0.0000000988880504
4,11,14,0.0000000000212212
4,11,15,0.0000000000000011
4,11,16,0
4,12,1,3.28241e-33
4,12,2,1.1898e-24
4,12,3,8.62127e-19
4,12,4,0.0000000000001004
4,12,5,0.0000000006863777
4,12,6,0.0000009198956235
4,12,7,0.0001956491271502
4,12,8,0.001066744251983
4,12,9,0.0017507065425285
4,12,10,0.0006483730270822
4,12,11,0.0001420802756905
4,12,12,0.0000007711879791
4,12,13,0.000000009126146
4,12,14,0.0000000000017562
4,12,15,8.31138e-17
4,12,16,0
4,13,1,2.15106e-39
4,13,2,1.15441e-30
4,13,3,3.53841e-24
4,13,4,1.05995e-18
4,13,5,0.0000000000000192
4,13,6,0.0000000000676053
4,13,7,0.0000000275126191
4,13,8,0.0000003439167094
4,13,9,0.0000011724768135
4,13,10,0.0000005636598851
4,13,11,0.0000001140632685
4,13,12,0.0000000091796955
4,13,13,0.0000000000149305
4,13,14,0.0000000000001094
4,13,15,4.68641e-18
4,13,16,0
4,14,1,2.44652e-46
4,14,2,1.11859e-36
4,14,3,9.4577e-30
4,14,4,3.98332e-24
4,14,5,3.90358e-19
4,14,6,0.0000000000000024
4,14,7,0.0000000000019417
4,14,8,0.0000000000863115
4,14,9,0.0000000002845416
4,14,10,0.000000000270616
4,14,11,0.0000000000274314
4,14,12,0.0000000000018841
4,14,13,0.0000000000001096
4,14,14,5.10251e-17
4,14,15,1.30698e-19
4,14,16,0
4,15,1,1.03394e-53
4,15,2,3.0156e-43
4,15,3,9.97666e-36
4,15,4,9.81426e-30
4,15,5,1.3678e-24
4,15,6,3.53717e-20
4,15,7,6.61724e-17
4,15,8,0.0000000000000038
4,15,9,0.0000000000000297
4,15,10,0.0000000000000172
4,15,11,0.0000000000000016
4,15,12,9.56665e-17
4,15,13,4.98136e-18
4,15,14,1.30827e-19
4,15,15,1.37936e-23
4,15,16,0
4,16,1,0
4,16,2,0
4,16,3,0
4,16,4,0
4,16,5,0
4,16,6,0
4,16,7,0
4,16,8,0
4,16,9,0
4,16,10,0
4,16,11,0
4,16,12,0
4,16,13,0
4,16,14,0
4,16,15,0
4,16,16,0
5,1,1,3509318.5976056852377951
5,1,2,8147484.2670151712372899
5,1,3,440941.8372223497135565
5,1,4,4043.7100414841252132
5,1,5,7.7526401733286683
5,1,6,0.0052515889814795
5,1,7,0.000000844868309
5,1,8,0.000000000031906
5,1,9,0.0000000000000004
5,1,10,1.51488e-21
5,1,11,1.43238e-27
5,1,12,5.74537e-34
5,1,13,6.83127e-41
5,1,14,4.55306e-48
5,1,15,1.74658e-55
5,1,16,0
5,2,1,9560507.7624917831271887
5,2,2,7586993.5598097750917077
5,2,3,19185152.5431564226746559
5,2,4,1337963.613621486350894
5,2,5,20453.6076873456622707
5,2,6,81.2717140014705137
5,2,7,0.0812051607224115
5,2,8,0.0000219514328216
5,2,9,0.0000000018503537
5,2,10,0.0000000000000372
5,2,11,2.08522e-19
5,2,12,5.75655e-25
5,2,13,2.94513e-31
5,2,14,1.02038e-37
5,2,15,9.178e-45
5,2,16,0
5,3,1,418054.2845234741107561
5,3,2,21489275.5378467552363873
5,3,3,10414553.9156282134354115
5,3,4,19586303.8044668287038803
5,3,5,1427301.7783532121684402
5,3,6,28738.1921566022429033
5,3,7,109.6295220290821533
5,3,8,0.136260860620416
5,3,9,0.0000276856866985
5,3,10,0.0000000032136312
5,3,11,0.0000000000000559
5,3,12,3.17817e-19
5,3,13,6.27207e-25
5,3,14,3.45429e-31
5,3,15,6.67391e-38
5,3,16,0
5,4,1,3437.0681410041856907
5,4,2,1197789.7200332975480705
5,4,3,20476788.1340052001178265
5,4,4,10673658.6846971102058887
5,4,5,16120419.1248986124992371
5,4,6,1216718.6597587519790977
5,4,7,17780.686407120039803
5,4,8,64.3074329970161642
5,4,9,0.0443951526084794
5,4,10,0.0000116851656479
5,4,11,0.0000000008546269
5,4,12,0.0000000000000243
5,4,13,1.36159e-19
5,4,14,3.55095e-25
5,4,15,2.85229e-31
5,4,16,0
5,5,1,8.613456450812297
5,5,2,19212.8695970159897115
5,5,3,1379525.2074181721545756
5,5,4,16693319.1976858880370855
5,5,5,8837589.3892960678786039
5,5,6,11805827.0655072778463364
5,5,7,618465.6123030518647283
5,5,8,7449.4510392167439932
5,5,9,25.6273586969841993
5,5,10,0.0149967852169404
5,5,11,0.0000031385527428
5,5,12,0.0000000001700122
5,5,13,0.0000000000000022
5,5,14,9.16376e-21
5,5,15,2.9793e-26
5,5,16,0
5,6,1,0.0050865185898207
5,6,2,75.9602358667695654
5,6,3,24170.5162942874121654
5,6,4,1069313.1246214455459267
5,6,5,11610934.4464716129004955
5,6,6,7764272.2896632924675941
5,6,7,5228613.774188763462007
5,6,8,197256.4711010127211921
5,6,9,1561.1771678214004169
5,6,10,3.3482272484284969
5,6,11,0.0016411793142099
5,6,12,0.0000002222788274
5,6,13,0.0000000000092083
5,6,14,0.0000000000000002
5,6,15,1.21006e-21
5,6,16,0
5,7,1,0.0000006248954933
5,7,2,0.0613382746271967
5,7,3,107.6752008854139149
5,7,4,16729.3807989294509753
5,7,5,627234.4996582674793899
5,7,6,5321493.9966018069535494
5,7,7,3010494.6278064628131688
5,7,8,1044331.0593775673769414
5,7,9,19603.2893782374958391
5,7,10,69.6066513815809884
5,7,11,0.0694271030853755
5,7,12,0.0000212403707995
5,7,13,0.0000000017409058
5,7,14,0.0000000000000379
5,7,15,7.21953e-19
5,7,16,0
5,8,1,0.0000000000268954
5,8,2,0.0000167798004846
5,8,3,0.0968951943998362
5,8,4,76.2602274879139514
5,8,5,7908.4443690597972818
5,8,6,178776.84009346718085
5,8,7,1032475.8720208468148485
5,8,8,287972.8269250472658314
5,8,9,36227.1995809121945058
5,8,10,216.6108503327015171
5,8,11,0.2952984090608925
5,8,12,0.0000937596565077
5,8,13,0.0000000089190047
5,8,14,0.0000000000005451
5,8,15,1.18065e-17
5,8,16,0
5,9,1,0.0000000000000004
5,9,2,0.0000000014110454
5,9,3,0.0000233736896577
5,9,4,0.0656803894352753
5,9,5,23.4777148545061181
5,9,6,1525.1028310105480159
5,9,7,20999.131485825713753
5,9,8,36407.653267243069422
5,9,9,2150.2647378385531738
5,9,10,77.4468679242297355
5,9,11,0.1338020206060765
5,9,12,0.0000499760855799
5,9,13,0.0000000072169629
5,9,14,0.0000000000007131
5,9,15,2.99278e-17
5,9,16,0
5,10,1,1.03916e-21
5,10,2,0.0000000000000264
5,10,3,0.0000000015340544
5,10,4,0.000014227918879
5,10,5,0.0186880879170681
5,10,6,2.9019998042298121
5,10,7,102.3588787332512311
5,10,8,261.6037227335245916
5,10,9,78.1555645102014012
5,10,10,1.1681379922584876
5,10,11,0.0123996489056115
5,10,12,0.0000051595620521
5,10,13,0.0000000015036961
5,10,14,0.0000000000002656
5,10,15,2.66081e-17
5,10,16,0
5,11,1,1.41114e-27
5,11,2,1.50295e-19
5,11,3,0.0000000000000375
5,11,4,0.0000000012105592
5,11,5,0.0000035369586334
5,11,6,0.0015425538370876
5,11,7,0.0914240811333193
5,11,8,0.31621323724912
5,11,9,0.1504154520132058
5,11,10,0.0129002850482633
5,11,11,0.0000634817767283
5,11,12,0.0000009004051587
5,11,13,0.0000000004357173
5,11,14,0.0000000000000783
5,11,15,3.37954e-18
5,11,16,0
5,12,1,4.40754e-34
5,12,2,2.70796e-25
5,12,3,2.37172e-19
5,12,4,0.000000000000025
5,12,5,0.0000000001534787
5,12,6,0.0000001705198289
5,12,7,0.0000277891906272
5,12,8,0.00012397506787
5,12,9,0.0001000899252213
5,12,10,0.0000102710146947
5,12,11,0.0000009254106349
5,12,12,0.0000000036006166
5,12,13,0.0000000000355151
5,12,14,0.000000000000006
5,12,15,2.31085e-19
5,12,16,0
5,13,1,7.32023e-41
5,13,2,8.87051e-32
5,13,3,4.94561e-25
5,13,4,1.4347e-19
5,13,5,0.0000000000000026
5,13,6,0.0000000000071977
5,13,7,0.000000001813166
5,13,8,0.0000000119363057
5,13,9,0.0000000144750146
5,13,10,0.0000000032148692
5,13,11,0.000000000499391
5,13,12,0.0000000000357134
5,13,13,0.0000000000000525
5,13,14,0.0000000000000003
5,13,15,1.20276e-20
5,13,16,0
5,14,1,3.70768e-48
5,14,2,3.05501e-38
5,14,3,4.98509e-31
5,14,4,1.97441e-25
5,14,5,2.0223e-20
5,14,6,0.0000000000000001
5,14,7,0.0000000000000419
5,14,8,0.0000000000008215
5,14,9,0.0000000000015294
5,14,10,0.0000000000011025
5,14,11,0.0000000000001004
5,14,12,0.0000000000000064
5,14,13,0.0000000000000003
5,14,14,1.42201e-19
5,14,15,3.00221e-22
5,14,16,0
5,15,1,1.12029e-55
5,15,2,4.12553e-45
5,15,3,1.9239e-37
5,15,4,1.74595e-31
5,15,5,2.84929e-26
5,15,6,5.86246e-22
5,15,7,6.0016e-19
5,15,8,2.0071e-17
5,15,9,0.0000000000000001
5,15,10,5.52958e-17
5,15,11,4.80244e-18
5,15,12,2.64246e-19
5,15,13,1.2734e-20
5,15,14,3.00502e-22
5,15,15,2.57768e-26
5,15,16,0
5,16,1,0
5,16,2,0
5,16,3,0
5,16,4,0
5,16,5,0
5,16,6,0
5,16,7,0
5,16,8,0
5,16,9,0
5,16,10,0
5,16,11,0
5,16,12,0
5,16,13,0
5,16,14,0
5,16,15,0
5,16,16,0
6,1,1,6615089.8896532990038395
6,1,2,7872769.7682586060836911
6,1,3,383636.5712959095835686
6,1,4,3290.6777213183659114
6,1,5,6.1486611912593387
6,1,6,0.0038128180338401
6,1,7,0.0000005731140323
6,1,8,0.0000000000211452
6,1,9,0.0000000000000003
6,1,10,8.97121e-22
6,1,11,8.2786e-28
6,1,12,2.89913e-34
6,1,13,2.48775e-41
6,1,14,7.0748e-49
6,1,15,7.93288e-57
6,1,16,0
6,2,1,8881262.6993806976824999
6,2,2,12000099.8190635312348604
6,2,3,17102762.7550128027796745
6,2,4,1069203.8706539738923311
6,2,5,14583.8769655328287627
6,2,6,51.3005470348669661
6,2,7,0.0459213945383751
6,2,8,0.0000112208580761
6,2,9,0.0000000008398708
6,2,10,0.0000000000000155
6,2,11,8.15354e-20
6,2,12,1.94885e-25
6,2,13,9.13338e-32
6,2,14,2.29638e-38
6,2,15,1.11964e-45
6,2,16,0
6,3,1,365262.867144261021167
6,3,2,18541736.6085772626101971
6,3,3,14259707.5951008908450603
6,3,4,16009942.5142466221004725
6,3,5,996915.8152568624354899
6,3,6,16261.4489422976530477
6,3,7,52.8123194206104785
6,3,8,0.0539372742262219
6,3,9,0.0000099503195515
6,3,10,0.0000000009431746
6,3,11,0.0000000000000147
6,3,12,7.34265e-20
6,3,13,1.20391e-25
6,3,14,4.77311e-32
6,3,15,5.52085e-39
6,3,16,0
6,4,1,2881.1498702028002299
6,4,2,969817.5565032328013331
6,4,3,16468308.3555308878421783
6,4,4,12635270.4863115530461073
6,4,5,11534928.5447177104651928
6,4,6,675415.9672243699897081
6,4,7,7796.2393184937564001
6,4,8,22.287996920534777
6,4,9,0.0130378031534328
6,4,10,0.00000278676334
6,4,11,0.0000000001686208
6,4,12,0.0000000000000038
6,4,13,1.79929e-20
6,4,14,3.54249e-26
6,4,15,1.85832e-32
6,4,16,0
6,5,1,6.5868798559080233
6,5,2,13679.7572060453167069
6,5,3,956023.2024785125395283
6,5,4,11776055.370665093883872
6,5,5,8995732.4823072776198387
6,5,6,7050256.8014422412961721
6,5,7,280358.7953120417078026
6,5,8,2561.3376116451104281
6,5,9,6.5548208892024062
6,5,10,0.0031260715006215
6,5,11,0.0000005127486539
6,5,12,0.0000000000223039
6,5,13,0.0000000000000002
6,5,14,7.86738e-22
6,5,15,1.52036e-27
6,5,16,0
6,6,1,0.0035975410789917
6,6,2,47.3287834787427286
6,6,3,13931.6811590266734129
6,6,4,606690.379628696362488
6,6,5,6967675.1121899364516139
6,6,6,6143047.3408370614051819
6,6,7,2550564.2569174999371171
6,6,8,68060.7561641856154893
6,6,9,387.1820810059585938
6,6,10,0.5974267615689296
6,6,11,0.000218977330083
6,6,12,0.0000000224874806
6,6,13,0.0000000000007044
6,6,14,1.0584e-17
6,6,15,3.60084e-23
6,6,16,0
6,7,1,0.0000004359542966
6,7,2,0.0353646730330759
6,7,3,51.0723867583429083
6,7,4,7526.3749677774194424
6,7,5,284422.5444725160486996
6,7,6,2576780.3338174037635326
6,7,7,1882879.2399896024726331
6,7,8,415000.9898108426132239
6,7,9,5285.9566937567360583
6,7,10,13.1636101443782909
6,7,11,0.0092157512105638
6,7,12,0.0000019731387855
6,7,13,0.0000000001125729
6,7,14,0.0000000000000016
6,7,15,1.31897e-20
6,7,16,0
6,8,1,0.0000000000178154
6,8,2,0.0000087056841561
6,8,3,0.0396228437806418
6,8,4,26.472455220240164
6,8,5,2686.593140677889096
6,8,6,62382.2535793133138213
6,8,7,411906.3308081268914975
6,8,8,137091.4641521040175576
6,8,9,11803.6536428271065233
6,8,10,48.9157188545581718
6,8,11,0.0461345982236153
6,8,12,0.0000101956115385
6,8,13,0.0000000006296183
6,8,14,0.0000000000000167
6,8,15,1.20903e-19
6,8,16,0
6,9,1,0.0000000000000002
6,9,2,0.0000000006468096
6,9,3,0.0000083262099416
6,9,4,0.0186010062224261
6,9,5,6.0937937909825086
6,9,6,378.3705385362098355
6,9,7,5665.476427993337893
6,9,8,11823.3962999725499685
6,9,9,627.8488420089183819
6,9,10,17.0157901984369531
6,9,11,0.0220918255209418
6,9,12,0.0000058092911951
6,9,13,0.0000000004262811
6,9,14,0.0000000000000109
6,9,15,1.50806e-19
6,9,16,0
6,10,1,6.44524e-22
6,10,2,0.0000000000000112
6,10,3,0.0000000004844835
6,10,4,0.0000033876598894
6,10,5,0.0037372077479635
6,10,6,0.5285847022718219
6,10,7,18.6502514237743107
6,10,8,57.7047257972749037
6,10,9,17.1044815981408682
6,10,10,0.1903329556216962
6,10,11,0.0013562299841305
6,10,12,0.0000003298879779
6,10,13,0.0000000000275228
6,10,14,0.0000000000000014
6,10,15,8.5638e-20
6,10,16,0
6,11,1,7.9557e-28
6,11,2,5.83004e-20
6,11,3,0.0000000000000101
6,11,4,0.0000000002323856
6,11,5,0.0000005637464488
6,11,6,0.0002072956856014
6,11,7,0.0118764539727998
6,11,8,0.048707638897619
6,11,9,0.0244265190580718
6,11,10,0.0014080248931187
6,11,11,0.0000041808084443
6,11,12,0.0000000167980149
6,11,13,0.0000000000024267
6,11,14,0.0000000000000003
6,11,15,9.6368e-21
6,11,16,0
6,12,1,2.28046e-34
6,12,2,9.31906e-26
6,12,3,5.59574e-20
6,12,4,0.000000000000004
6,12,5,0.0000000000205059
6,12,6,0.0000000180202533
6,12,7,0.0000025236688482
6,12,8,0.0000129557030492
6,12,9,0.0000108955923549
6,12,10,0.0000006015706041
6,12,11,0.0000000173094843
6,12,12,0.0000000000248647
6,12,13,0.0000000000001367
6,12,14,1.93902e-17
6,12,15,6.13438e-22
6,12,16,0
6,13,1,2.45173e-41
6,13,2,2.8456e-32
6,13,3,9.97487e-26
6,13,4,1.88422e-20
6,13,5,0.0000000000000003
6,13,6,0.0000000000005683
6,13,7,0.0000000001173475
6,13,8,0.0000000007912824
6,13,9,0.0000000007718659
6,13,10,0.0000000000512607
6,13,11,0.0000000000027469
6,13,12,0.0000000000001374
6,13,13,0.0000000000000002
6,13,14,1.00701e-18
6,13,15,2.95168e-23
6,13,16,0
6,14,1,5.04632e-49
6,14,2,6.16452e-39
6,14,3,7.5569e-32
6,14,4,2.08694e-26
6,14,5,1.51692e-21
6,14,6,5.74006e-18
6,14,7,0.0000000000000017
6,14,8,0.0000000000000214
6,14,9,0.0000000000000201
6,14,10,0.0000000000000054
6,14,11,0.0000000000000004
6,14,12,2.06409e-17
6,14,13,1.00853e-18
6,14,14,3.78628e-22
6,14,15,6.5848e-25
6,14,16,0
6,15,1,5.1555e-57
6,15,2,3.9449e-46
6,15,3,1.72631e-38
6,15,4,1.09912e-32
6,15,5,1.48318e-27
6,15,6,1.91744e-23
6,15,7,1.07517e-20
6,15,8,1.70147e-19
6,15,9,5.14551e-19
6,15,10,1.74595e-19
6,15,11,1.35455e-20
6,15,12,6.97205e-22
6,15,13,3.11409e-23
6,15,14,6.59065e-25
6,15,15,4.61499e-29
6,15,16,0
6,16,1,0
6,16,2,0
6,16,3,0
6,16,4,0
6,16,5,0
6,16,6,0
6,16,7,0
6,16,8,0
6,16,9,0
6,16,10,0
6,16,11,0
6,16,12,0
6,16,13,0
6,16,14,0
6,16,15,0
6,16,16,0
7,1,1,12271067.5702229458838701
7,1,2,7164358.6369340997189283
7,1,3,296366.1712128154467791
7,1,4,2251.4100787862971629
7,1,5,3.8916918557543267
7,1,6,0.0021100390598545
7,1,7,0.000000283897636
7,1,8,0.0000000000097939
7,1,9,0.0000000000000001
7,1,10,3.45177e-22
7,1,11,3.0317e-28
7,1,12,9.59871e-35
7,1,13,7.80059e-42
7,1,14,2.03575e-49
7,1,15,1.81705e-57
7,1,16,0
7,2,1,7766632.3256943514570594
7,2,2,17843465.0426316186785698
7,2,3,13683913.2565659489482641
7,2,4,708071.1010273831197992
7,2,5,8008.0425270809400899
7,2,6,23.3040205819684587
7,2,7,0.0175489861094584
7,2,8,0.0000036534032666
7,2,9,0.0000000002302583
7,2,10,0.0000000000000037
7,2,11,1.75968e-20
7,2,12,3.53081e-26
7,2,13,1.52413e-32
7,2,14,3.2009e-39
7,2,15,1.36182e-46
7,2,16,0
7,3,1,283061.439860989281442
7,3,2,14381051.9887006208300591
7,3,3,17301592.0581235513091087
7,3,4,10948166.0480295177549124
7,3,5,526911.2958000720245764
7,3,6,6369.2366511247219023
7,3,7,16.198257893950764
7,3,8,0.0126311265347849
7,3,9,0.0000019729836628
7,3,10,0.0000000001437677
7,3,11,0.0000000000000019
7,3,12,8.19401e-21
7,3,13,1.1409e-26
7,3,14,4.01441e-33
7,3,15,4.13338e-40
7,3,16,0
7,4,1,2031.619862147158301
7,4,2,650924.3440012978389859
7,4,3,11105524.6861920598894358
7,4,4,12560537.8984543439000845
7,4,5,6464795.9898175308480859
7,4,6,263395.4120839120005257
7,4,7,2169.1605655793409824
7,4,8,4.4836631050890725
7,4,9,0.002041119354536
7,4,10,0.0000003297866654
7,4,11,0.0000000000155601
7,4,12,0.0000000000000003
7,4,13,1.06454e-21
7,4,14,1.68717e-27
7,4,15,7.17656e-34
7,4,16,0
7,5,1,4.0434716278836733
7,5,2,7532.4279647919602212
7,5,3,503258.5776506653637625
7,5,4,6528391.783661506138742
7,5,5,7480755.0573116606101394
7,5,6,3181345.22571793012321
7,5,7,85021.6988863644946832
7,5,8,527.9771786382173104
7,5,9,0.916989434402918
7,5,10,0.0003266473734736
7,5,11,0.0000000394306037
7,5,12,0.0000000000013216
7,5,13,1.18036e-17
7,5,14,3.17689e-23
7,5,15,4.51684e-29
7,5,16,0
7,6,1,0.0019556272733341
7,6,2,21.4038424015306532
7,6,3,5578.0508061400232691
7,6,4,241556.9243439138517715
7,6,5,3156825.9195638373494148
7,6,6,3995928.2009879178367555
7,6,7,925796.4579156636027619
7,6,8,15514.0034938625321956
7,6,9,56.9833674949556226
7,6,10,0.0578119329065002
7,6,11,0.0000147390213736
7,6,12,0.0000000010960806
7,6,13,0.0000000000000257
7,6,14,2.81596e-19
7,6,15,7.11933e-25
7,6,16,0
7,7,1,0.0000002234106908
7,7,2,0.0139264572247229
7,7,3,15.5467044113401798
7,7,4,2141.2208101639048436
7,7,5,86303.340306559271994
7,7,6,930364.1546348797855899
7,7,7,1025679.3691441693808883
7,7,8,126577.2106311218958581
7,7,9,976.2938816546510452
7,7,10,1.5386943554739345
7,7,11,0.0006950314724776
7,7,12,0.0000000986977504
7,7,13,0.000000000003942
7,7,14,4.06494e-17
7,7,15,2.19299e-22
7,7,16,0
7,8,1,0.0000000000083129
7,8,2,0.0000029089749427
7,8,3,0.0096794763168202
7,8,4,5.3135454416561263
7,8,5,548.6883987764528001
7,8,6,14367.0798644858841726
7,8,7,126014.0704423352872254
7,8,8,62350.899564288869442
7,8,9,3146.9309902193240305
7,8,10,8.0418518445325855
7,8,11,0.0047447429839165
7,8,12,0.0000006818481446
7,8,13,0.0000000000281969
7,8,14,0.0000000000000005
7,8,15,1.89582e-21
7,8,16,0
7,9,1,9.20965e-17
7,9,2,0.000000000181359
7,9,3,0.0000016595137364
7,9,4,0.0028154605827545
7,9,5,0.8643842981717023
7,9,6,55.7336503762171418
7,9,7,1044.7027221335233662
7,9,8,3146.1012377280881083
7,9,9,183.478171866590742
7,9,10,3.3882609744085879
7,9,11,0.0029401745619692
7,9,12,0.0000005129963233
7,9,13,0.0000000000244584
7,9,14,0.0000000000000003
7,9,15,1.67951e-21
7,9,16,0
7,10,1,2.61388e-22
7,10,2,0.0000000000000028
7,10,3,0.000000000080631
7,10,4,0.0000004014571462
7,10,5,0.0003771032635098
7,10,6,0.052094958050874
7,10,7,2.1030277773634807
7,10,8,9.2846863966427886
7,10,9,3.3948425172620071
7,10,10,0.0254953831445708
7,10,11,0.0001118908300081
7,10,12,0.0000000187974787
7,10,13,0.0000000000009453
7,10,14,1.7092e-17
7,10,15,3.37342e-22
7,10,16,0
7,11,1,2.8725e-28
7,11,2,1.27644e-20
7,11,3,0.0000000000000014
7,11,4,0.0000000000210138
7,11,5,0.0000000425717285
7,11,6,0.0000140441540483
7,11,7,0.0008788960300045
7,11,8,0.0049698169201241
7,11,9,0.0032052904872224
7,11,10,0.0001158836839242
7,11,11,0.0000002261423694
7,11,12,0.0000000004989172
7,11,13,0.0000000000000265
7,11,14,1.16567e-18
7,11,15,2.69761e-23
7,11,16,0
7,12,1,7.81825e-35
7,12,2,1.79526e-26
7,12,3,6.40989e-21
7,12,4,0.0000000000000003
7,12,5,0.0000000000012364
7,12,6,0.0000000009100585
7,12,7,0.0000001241132346
7,12,8,0.0000008405144237
7,12,9,0.0000009038602938
7,12,10,0.0000000320282305
7,12,11,0.0000000005140281
7,12,12,0.0000000000003363
7,12,13,0.0000000000000006
7,12,14,6.11731e-20
7,12,15,1.5599e-24
7,12,16,0
7,13,1,7.4986e-42
7,13,2,5.46916e-33
7,13,3,9.74742e-27
7,13,4,1.12897e-21
7,13,5,1.30066e-17
7,13,6,0.0000000000000213
7,13,7,0.0000000000041508
7,13,8,0.0000000000345128
7,13,9,0.0000000000420694
7,13,10,0.0000000000016102
7,13,11,0.0000000000000295
7,13,12,0.0000000000000006
7,13,13,5.85092e-19
7,13,14,2.85038e-21
7,13,15,6.93386e-26
7,13,16,0
7,14,1,1.51869e-49
7,14,2,9.89246e-40
7,14,3,6.05247e-33
7,14,4,1.09817e-27
7,14,5,5.49567e-23
7,14,6,1.63435e-19
7,14,7,4.27585e-17
7,14,8,0.0000000000000006
7,14,9,0.0000000000000006
7,14,10,5.06649e-17
7,14,11,1.45836e-18
7,14,12,6.48498e-20
7,14,13,2.85451e-21
7,14,14,9.66672e-25
7,14,15,1.38281e-27
7,14,16,0
7,15,1,1.27691e-57
7,15,2,5.20706e-47
7,15,3,1.11218e-39
7,15,4,4.58347e-34
7,15,5,4.48346e-29
7,15,6,4.04381e-25
7,15,7,1.8194e-22
7,15,8,2.37225e-21
7,15,9,4.6851e-21
7,15,10,6.3572e-22
7,15,11,3.74788e-23
7,15,12,1.76281e-24
7,15,13,7.29366e-26
7,15,14,1.38399e-27
7,15,15,7.92891e-32
7,15,16,0
7,16,1,0
7,16,2,0
7,16,3,0
7,16,4,0
7,16,5,0
7,16,6,0
7,16,7,0
7,16,8,0
7,16,9,0
7,16,10,0
7,16,11,0
7,16,12,0
7,16,13,0
7,16,14,0
7,16,15,0
7,16,16,0
8,1,1,19930708.0236775055527687
8,1,2,5637500.9018004769459367
8,1,3,178030.7882071247149725
8,1,4,1084.2099415472962392
8,1,5,1.5717442338929728
8,1,6,0.0006902096502028
8,1,7,0.0000000774024474
8,1,8,0.0000000000023222
8,1,9,2.28143e-17
8,1,10,6.14984e-23
8,1,11,4.91415e-29
8,1,12,1.37763e-35
8,1,13,1.04252e-42
8,1,14,2.54021e-50
8,1,15,2.05481e-58
8,1,16,0
8,2,1,5904633.3122147209942341
8,2,2,21868556.6061060503125191
8,2,3,8764297.7946084272116423
8,2,4,329986.0410976581624709
8,2,5,2758.2078816917560289
8,2,6,6.0013364032816483
8,2,7,0.0034740068907659
8,2,8,0.0000005699268271
8,2,9,0.0000000000285358
8,2,10,0.0000000000000004
8,2,11,1.57498e-21
8,2,12,2.62108e-27
8,2,13,1.02812e-33
8,2,14,1.82987e-40
8,2,15,7.01148e-48
8,2,16,0
8,3,1,170243.5793434163788334
8,3,2,8989124.1020492054522038
8,3,3,16264181.8666813001036644
8,3,4,5502716.2083329651504755
8,3,5,177824.517744188051438
8,3,6,1419.6671962394461843
8,3,7,2.5424552963666476
8,3,8,0.0013991866105185
8,3,9,0.0000001715236375
8,3,10,0.0000000000092967
8,3,11,0.0000000000000001
8,3,12,3.77309e-22
8,3,13,4.51865e-28
8,3,14,1.4359e-34
8,3,15,1.33754e-41
8,3,16,0
8,4,1,1004.1522812305621528
8,4,2,307032.5687173736514524
8,4,3,5530593.7693293401971459
8,4,4,9497704.0938624255359173
8,4,5,2554269.0700747179798782
8,4,6,63337.165173184395826
8,4,7,330.4500772329413962
8,4,8,0.4493836851393676
8,4,9,0.0001466972719155
8,4,10,0.0000000171567968
8,4,11,0.0000000000006204
8,4,12,8.42651e-18
8,4,13,2.82189e-23
8,4,14,3.73642e-29
8,4,15,1.33571e-35
8,4,16,0
8,5,1,1.6023868620573569
8,5,2,2612.9176384300553764
8,5,3,169956.1036998622585088
8,5,4,2563137.8443178934976459
8,5,5,4847472.3026686925441027
8,5,6,1019755.497461793711409
8,5,7,15933.9781638019667298
8,5,8,59.827069495483002
8,5,9,0.0649402054927705
8,5,10,0.0000161592479049
8,5,11,0.0000000014061859
8,5,12,0.0000000000000365
8,5,13,2.70276e-19
8,5,14,6.19367e-25
8,5,15,6.86225e-31
8,5,16,0
8,6,1,0.000635894112956
8,6,2,5.5429503391572279
8,6,3,1271.7936717714926544
8,6,4,59111.3405318225559313
8,6,5,1015022.6916200153063983
8,6,6,2146616.7786506824195385
8,6,7,246410.6247404430760071
8,6,8,2283.0622117669286126
8,6,9,4.8708924083655969
8,6,10,0.00302414343431
8,6,11,0.0000005162340768
8,6,12,0.0000000000277514
8,6,13,0.0000000000000005
8,6,14,4.22783e-21
8,6,15,8.43576e-27
8,6,16,0
8,7,1,0.0000000630779176
8,7,2,0.0028589430431911
8,7,3,2.4431685938520835
8,7,4,331.572595150585073
8,7,5,16188.4753604137349612
8,7,6,246869.6383030806027818
8,7,7,494068.4538923887885176
8,7,8,29763.4676152699212253
8,7,9,123.4398526228379893
8,7,10,0.111390380574569
8,7,11,0.0000304205977385
8,7,12,0.0000000028050551
8,7,13,0.0000000000000797
8,7,14,6.31548e-19
8,7,15,2.46379e-24
8,7,16,0
8,8,1,0.0000000000020021
8,8,2,0.0000004691915974
8,8,3,0.0011202762409305
8,8,4,0.5300106603201554
8,8,5,61.8350919006151543
8,8,6,2133.2633153776478139
8,8,7,29690.3167466938139114
8,8,8,27286.9221125893454882
8,8,9,683.6501101834827523
8,8,10,0.9504595908021723
8,8,11,0.000317762912277
8,8,12,0.0000000278459006
8,8,13,0.0000000000007571
8,8,14,8.72141e-18
8,8,15,2.40297e-23
8,8,16,0
8,9,1,1.90044e-17
8,9,2,0.0000000000231925
8,9,3,0.0000001465968707
8,9,4,0.0001970917404405
8,9,5,0.0619437808375709
8,9,6,4.7705519773714569
8,9,7,131.7022836989800965
8,9,8,683.1185412151126002
8,9,9,61.3980560794017833
8,9,10,0.6303165183963481
8,9,11,0.0003100539143836
8,9,12,0.0000000317744897
8,9,13,0.0000000000009311
8,9,14,8.42494e-18
8,9,15,2.40169e-23
8,9,16,0
8,10,1,4.89367e-23
8,10,2,0.0000000000000003
8,10,3,0.0000000000056627
8,10,4,0.0000000209492409
8,10,5,0.0000182176646069
8,10,6,0.0027645132836629
8,10,7,0.1476815246736402
8,10,8,1.0790247775631232
8,10,9,0.630510247245101
8,10,10,0.002832355397577
8,10,11,0.000006803596778
8,10,12,0.0000000007356835
8,10,13,0.0000000000000245
8,10,14,2.67573e-19
8,10,15,2.00989e-24
8,10,16,0
8,11,1,4.64969e-29
8,11,2,1.17725e-21
8,11,3,7.6921e-17
8,11,4,0.000000000000828
8,11,5,0.0000000015033323
8,11,6,0.0000004944190307
8,11,7,0.000037907438998
8,11,8,0.0003317697460197
8,11,9,0.0003345391952336
8,11,10,0.0000070228099451
8,11,11,0.0000000086206938
8,11,12,0.0000000000114709
8,11,13,0.0000000000000004
8,11,14,6.53133e-21
8,11,15,7.87622e-26
8,11,16,0
8,12,1,1.16341e-35
8,12,2,1.43735e-27
8,12,3,3.01674e-22
8,12,4,9.1872e-18
8,12,5,0.0000000000000346
8,12,6,0.000000000023618
8,12,7,0.0000000034864475
8,12,8,0.0000000335806286
8,12,9,0.0000000529729878
8,12,10,0.000000001183953
8,12,11,0.000000000011808
8,12,12,0.000000000000005
8,12,13,3.3509e-18
8,12,14,1.94822e-22
8,12,15,3.82949e-27
8,12,16,0
8,13,1,9.95955e-43
8,13,2,4.2246e-34
8,13,3,3.93466e-28
8,13,4,3.04128e-23
8,13,5,2.93995e-19
8,13,6,0.0000000000000004
8,13,7,0.0000000000000847
8,13,8,0.0000000000009117
8,13,9,0.0000000000015386
8,13,10,0.0000000000000397
8,13,11,0.0000000000000004
8,13,12,3.36593e-18
8,13,13,1.99079e-21
8,13,14,7.77947e-24
8,13,15,1.5634e-28
8,13,16,0
8,14,1,1.99605e-50
8,14,2,6.47021e-41
8,14,3,2.05074e-34
8,14,4,2.63515e-29
8,14,5,9.98341e-25
8,14,6,2.57244e-21
8,14,7,6.67025e-19
8,14,8,1.04999e-17
8,14,9,1.3848e-17
8,14,10,6.83984e-19
8,14,11,7.97306e-21
8,14,12,2.0534e-22
8,14,13,7.79025e-24
8,14,14,2.37607e-27
8,14,15,2.79229e-30
8,14,16,0
8,15,1,1.54721e-58
8,15,2,2.92027e-48
8,15,3,3.15638e-41
8,15,4,9.08871e-36
8,15,5,6.93879e-31
8,15,6,4.98728e-27
8,15,7,2.08541e-24
8,15,8,2.90535e-23
8,15,9,5.96773e-23
8,15,10,3.32295e-24
8,15,11,1.07674e-25
8,15,12,4.30269e-27
8,15,13,1.64039e-28
8,15,14,2.79458e-30
8,15,15,1.31148e-34
8,15,16,0
8,16,1,0
8,16,2,0
8,16,3,0
8,16,4,0
8,16,5,0
8,16,6,0
8,16,7,0
8,16,8,0
8,16,9,0
8,16,10,0
8,16,11,0
8,16,12,0
8,16,13,0
8,16,14,0
8,16,15,0
8,16,16,0
9,1,1,24268734.7588190324604511
9,1,2,3233166.1116996291093528
9,1,3,65876.2685491600714158
9,1,4,274.9396287117954785
9,1,5,0.2890364303652847
9,1,6,0.0000927858959014
9,1,7,0.0000000080109426
9,1,8,0.0000000000001961
9,1,9,1.59968e-18
9,1,10,3.76031e-24
9,1,11,2.71691e-30
9,1,12,6.87183e-37
9,1,13,4.87693e-44
9,1,14,1.11557e-51
9,1,15,8.23264e-60
9,1,16,0
9,2,1,3306108.851465446408838
9,2,2,19054136.3201300613582134
9,2,3,3780709.5962751088663936
9,2,4,86935.5261354681424564
9,2,5,462.075792843062402
9,2,6,0.6684427048086469
9,2,7,0.0002734074403382
9,2,8,0.0000000336700896
9,2,9,0.0000000000013274
9,2,10,1.50416e-17
9,2,11,5.40934e-23
9,2,12,7.79459e-29
9,2,13,2.82984e-35
9,2,14,4.43363e-42
9,2,15,1.53671e-49
9,2,16,0
9,3,1,62985.3465500429811073
9,3,2,3820775.5690116644836962
9,3,3,10788340.575020594522357
9,3,4,1791119.7673987243324518
9,3,5,32912.2059201337615377
9,3,6,153.450028729823174
9,3,7,0.1761832152103419
9,3,8,0.0000658512283462
9,3,9,0.0000000062017643
9,3,10,0.00000000000026
9,3,11,2.50126e-18
9,3,12,8.02284e-24
9,3,13,8.57274e-30
9,3,14,2.49628e-36
9,3,15,2.07721e-43
9,3,16,0
9,4,1,259.3951090787436442
9,4,2,81691.6375263879745035
9,4,3,1792675.5066835111938417
9,4,4,5335971.4390933038666844
9,4,5,670566.8855287870392203
9,4,6,8750.2640205395800876
9,4,7,25.840051392784023
9,4,8,0.021666909071196
9,4,9,0.0000049271572192
9,4,10,0.0000000004274434
9,4,11,0.0000000000000124
9,4,12,1.3974e-19
9,4,13,4.13364e-25
9,4,14,4.75225e-31
9,4,15,1.44336e-37
9,4,16,0
9,5,1,0.2925094878169279
9,5,2,441.7414535177650237
9,5,3,31585.6754500059541897
9,5,4,671113.0448556524934247
9,5,5,2464376.993891628459096
9,5,6,228253.7616585028008558
9,5,7,1810.9981580822261549
9,5,8,3.7111218887014177
9,5,9,0.0024093413656238
9,5,10,0.0000004151084963
9,5,11,0.0000000000270846
9,5,12,0.0000000000000006
9,5,13,3.64238e-21
9,5,14,7.2875e-27
9,5,15,6.51357e-33
9,5,16,0
9,6,1,0.0000858198748947
9,6,2,0.6244435676203495
9,6,3,140.1660185551638733
9,6,4,8275.2189251534982759
9,6,5,227681.2449915920151398
9,6,6,968194.828699977719225
9,6,7,48461.865019823264447
9,6,8,218.8976164202057362
9,6,9,0.248101446141818
9,6,10,0.0000912375752549
9,6,11,0.0000000105803928
9,6,12,0.0000000000004297
9,6,13,6.28207e-18
9,6,14,4.31772e-23
9,6,15,6.96229e-29
9,6,16,0
9,7,1,0.0000000067236071
9,7,2,0.0002325133950849
9,7,3,0.1702648553489381
9,7,4,26.1916741721854933
9,7,5,1841.7366417996445307
9,7,6,48486.4536412985835341
9,7,7,209268.9677147931361105
9,7,8,5413.3548235320658932
9,7,9,10.7388783291058623
9,7,10,0.0050986877935354
9,7,11,0.0000008192431151
9,7,12,0.0000000000503889
9,7,13,0.0000000000000011
9,7,14,6.79614e-21
9,7,15,2.02005e-26
9,7,16,0
9,8,1,0.000000000000172
9,8,2,0.0000000285513077
9,8,3,0.0000545853838915
9,8,4,0.0254131861812175
9,8,5,3.8266156520691119
9,8,6,206.0032282789180726
9,8,7,5406.5228411983725891
9,8,8,11033.9891365968342143
9,8,9,119.0573206870748066
9,8,10,0.0796907246434464
9,8,11,0.0000139067496249
9,8,12,0.0000000007213952
9,8,13,0.0000000000000132
9,8,14,1.09492e-19
9,8,15,2.24258e-25
9,8,16,0
9,9,1,1.36142e-18
9,9,2,0.0000000000011089
9,9,3,0.0000000053857148
9,9,4,0.0000065041565406
9,9,5,0.0023189370341546
9,9,6,0.2433874686129157
9,9,7,11.4247939125594939
9,9,8,118.9835440271427132
9,9,9,22.3560088030586108
9,9,10,0.1029856264579403
9,9,11,0.0000246538889912
9,9,12,0.0000000013409845
9,9,13,0.0000000000000233
9,9,14,1.39128e-19
9,9,15,2.69674e-25
9,9,16,0
9,10,1,3.09903e-24
9,10,2,1.20311e-17
9,10,3,0.0000000000001678
9,10,4,0.0000000005234202
9,10,5,0.0000004616843293
9,10,6,0.000084247018187
9,10,7,0.0066123053234121
9,10,8,0.0894387941310318
9,10,9,0.1029715712555557
9,10,10,0.0002572141676991
9,10,11,0.0000003106458602
9,10,12,0.0000000000201868
9,10,13,0.0000000000000004
9,10,14,3.38752e-21
9,10,15,1.45872e-26
9,10,16,0
9,11,1,2.58128e-30
9,11,2,4.15665e-23
9,11,3,1.89532e-18
9,11,4,0.0000000000000164
9,11,5,0.0000000000288347
9,11,6,0.0000000101702155
9,11,7,0.0000010107539933
9,11,8,0.0000145088978456
9,11,9,0.0000264259534814
9,11,10,0.0000003192502501
9,11,11,0.0000000002427078
9,11,12,0.0000000000001965
9,11,13,4.69791e-18
9,11,14,4.64237e-23
9,11,15,2.61145e-28
9,11,16,0
9,12,1,5.96065e-37
9,12,2,4.53801e-29
9,12,3,6.50008e-24
9,12,4,1.54848e-19
9,12,5,0.0000000000000005
9,12,6,0.0000000000003714
9,12,7,0.0000000000621733
9,12,8,0.0000000008579252
9,12,9,0.0000000021453561
9,12,10,0.0000000000311134
9,12,11,0.0000000000002022
9,12,12,6.20329e-17
9,12,13,2.30818e-20
9,12,14,6.63721e-25
9,12,15,9.2084e-30
9,12,16,0
9,13,1,4.67102e-44
9,13,2,1.27584e-35
9,13,3,7.54072e-30
9,13,4,4.50672e-25
9,13,5,3.93437e-21
9,13,6,5.36585e-18
9,13,7,0.0000000000000011
9,13,8,0.0000000000000157
9,13,9,0.0000000000000373
9,13,10,0.0000000000000007
9,13,11,5.15154e-18
9,13,12,2.31818e-20
9,13,13,7.41269e-24
9,13,14,2.0686e-26
9,13,15,3.39783e-31
9,13,16,0
9,14,1,9.10261e-52
9,14,2,1.71373e-42
9,14,3,3.43175e-36
9,14,4,3.52633e-31
9,14,5,1.1283e-26
9,14,6,2.7058e-23
9,14,7,7.20174e-21
9,14,8,1.30771e-19
9,14,9,2.24059e-19
9,14,10,8.07596e-21
9,14,11,5.55621e-23
9,14,12,6.93678e-25
9,14,13,2.07132e-26
9,14,14,5.64713e-30
9,14,15,5.44501e-33
9,14,16,0
9,15,1,6.49437e-60
9,15,2,6.74859e-50
9,15,3,4.51221e-43
9,15,4,1.02142e-37
9,15,5,6.67554e-33
9,15,6,4.21892e-29
9,15,7,1.73424e-26
9,15,8,2.67986e-25
9,15,9,6.34977e-25
9,15,10,2.21672e-26
9,15,11,3.48972e-28
9,15,12,1.02769e-29
9,15,13,3.55721e-31
9,15,14,5.44933e-33
9,15,15,2.0958e-37
9,15,16,0
9,16,1,0
9,16,2,0
9,16,3,0
9,16,4,0
9,16,5,0
9,16,6,0
9,16,7,0
9,16,8,0
9,16,9,0
9,16,10,0
9,16,11,0
9,16,12,0
9,16,13,0
9,16,14,0
9,16,15,0
9,16,16,0
10,1,1,19112638.4945087917149067
10,1,2,1099297.0342171078082174
10,1,3,11809.2881101291786763
10,1,4,28.5143924493372545
10,1,5,0.01927624178037
10,1,6,0.0000043368920781
10,1,7,0.000000000289543
10,1,8,0.0000000000000059
10,1,9,4.20333e-20
10,1,10,8.94401e-26
10,1,11,5.99482e-32
10,1,12,1.40995e-38
10,1,13,9.47583e-46
10,1,14,2.03401e-53
10,1,15,1.34633e-61
10,1,16,0
10,2,1,1109623.9270460831467062
10,2,2,10925503.69267288595438
10,2,3,963749.116701532737352
10,2,4,11259.7512498347314249
10,2,5,33.3419242454408931
10,2,6,0.0301578672821629
10,2,7,0.0000087292201511
10,2,8,0.000000000841614
10,2,9,0.0000000000000278
10,2,10,2.78106e-19
10,2,11,9.10206e-25
10,2,12,1.19004e-30
10,2,13,4.0556e-37
10,2,14,5.74876e-44
10,2,15,1.76952e-51
10,2,16,0
10,3,1,11288.1227815612019185
10,3,2,967396.6762927742674947
10,3,3,5120411.6136678848415613
10,3,4,364902.0262912621838041
10,3,5,3242.8176223170171397
10,3,6,8.0541263009236665
10,3,7,0.005762137053943
10,3,8,0.000001523250828
10,3,9,0.0000000001154868
10,3,10,0.000000000000004
10,3,11,3.48164e-20
10,3,12,1.01696e-25
10,3,13,9.95782e-32
10,3,14,2.66869e-38
10,3,15,1.94353e-45
10,3,16,0
10,4,1,27.1908159801355822
10,4,2,10656.3693737512603548
10,4,3,364827.4903868148685433
10,4,4,2318036.1882201875559986
10,4,5,118617.7853552720189327
10,4,6,710.3697744429540535
10,4,7,1.0971188271167023
10,4,8,0.0005646407462577
10,4,9,0.0000000929283233
10,4,10,0.0000000000063956
10,4,11,0.0000000000000002
10,4,12,1.55476e-21
10,4,13,4.16624e-27
10,4,14,4.2597e-33
10,4,15,1.09612e-39
10,4,16,0
10,5,1,0.0194869629966791
10,5,2,32.1142795723256853
10,5,3,3126.6224479209827223
10,5,4,118624.8945837885694345
10,5,5,1011393.8326459251111373
10,5,6,36545.5760657990031177
10,5,7,129.6338918491019001
10,5,8,0.1355718386805193
10,5,9,0.0000532429243151
10,5,10,0.0000000066462624
10,5,11,0.0000000000003466
10,5,12,6.25239e-18
10,5,13,3.52803e-23
10,5,14,6.26501e-29
10,5,15,4.59561e-35
10,5,16,0
10,6,1,0.0000040363512561
10,6,2,0.0284493096985883
10,6,3,7.455646399876195
10,6,4,677.6866419191936757
10,6,5,36501.7517018001162796
10,6,6,371977.4317669231677428
10,6,7,7195.4964234985445728
10,6,8,14.1364111941752792
10,6,9,0.0080340714301053
10,6,10,0.0000017787162584
10,6,11,0.0000000001479597
10,6,12,0.0000000000000048
10,6,13,5.94478e-20
10,6,14,3.46003e-25
10,6,15,4.54516e-31
10,6,16,0
10,7,1,0.0000000002473554
10,7,2,0.0000075782516437
10,7,3,0.0055970903312807
10,7,4,1.1181753847035416
10,7,5,131.9432599035163776
10,7,6,7196.0631130070414656
10,7,7,77757.494303437997587
10,7,8,769.4099235934834269
10,7,9,0.6556322040857383
10,7,10,0.0001550088982408
10,7,11,0.0000000149258573
10,7,12,0.0000000000006502
10,7,13,1.09121e-17
10,7,14,5.74696e-23
10,7,15,1.33833e-28
10,7,16,0
10,8,1,0.0000000000000053
10,8,2,0.0000000007263217
10,8,3,0.0000012892778614
10,8,4,0.0006595115334508
10,8,5,0.1396924400539173
10,8,6,13.3698705938122426
10,8,7,768.9567377362950538
10,8,8,4014.6628803582848377
10,8,9,16.5510166990388612
10,8,10,0.0047723611207902
10,8,11,0.0000004123595988
10,8,12,0.0000000000128514
10,8,13,0.0000000000000002
10,8,14,1.05773e-21
10,8,15,1.66242e-27
10,8,16,0
10,9,1,3.62326e-20
10,9,2,0.0000000000000236
10,9,3,0.0000000001013121
10,9,4,0.0000001214464429
10,9,5,0.0000515442732132
10,9,6,0.0078929983933788
10,9,7,0.6960988694665003
10,9,8,16.5452932516238889
10,9,9,7.8858391355855586
10,9,10,0.0139819143037077
10,9,11,0.0000014418131903
10,9,12,0.0000000000390841
10,9,13,0.0000000000000004
10,9,14,1.6839e-21
10,9,15,2.35133e-27
10,9,16,0
10,10,1,7.50617e-26
10,10,2,2.26551e-19
10,10,3,0.0000000000000027
10,10,4,0.0000000000078438
10,10,5,0.0000000073418381
10,10,6,0.0000016527634493
10,10,7,0.0001982607636609
10,10,8,0.0053195380603454
10,10,9,0.0139799216203163
10,10,10,0.0000199619943247
10,10,11,0.0000000112942118
10,10,12,0.0000000000004154
10,10,13,6.03457e-18
10,10,14,3.4166e-23
10,10,15,1.01522e-28
10,10,16,0
10,11,1,5.71567e-32
10,11,2,7.11179e-25
10,11,3,2.66994e-20
10,11,4,0.0000000000000002
10,11,5,0.0000000000003683
10,11,6,0.0000000001425794
10,11,7,0.0000000183005088
10,11,8,0.0000004302471471
10,11,9,0.0000015396551118
10,11,10,0.0000000115459255
10,11,11,0.0000000000055491
10,11,12,0.0000000000000027
10,11,13,4.82594e-20
10,11,14,3.41676e-25
10,11,15,1.02458e-30
10,11,16,0
10,12,1,1.24149e-38
10,12,2,7.16695e-31
10,12,3,8.30923e-26
10,12,4,1.73827e-21
10,12,5,6.02049e-18
10,12,6,0.0000000000000042
10,12,7,0.0000000000007987
10,12,8,0.0000000000151618
10,12,9,0.0000000000609017
10,12,10,0.0000000000006211
10,12,11,0.0000000000000028
10,12,12,6.55683e-19
10,12,13,1.67351e-22
10,12,14,2.55492e-27
10,12,15,2.22157e-32
10,12,16,0
10,13,1,9.10887e-46
10,13,2,1.91934e-37
10,13,3,8.81868e-32
10,13,4,4.57141e-27
10,13,5,3.79843e-23
10,13,6,5.11405e-20
10,13,7,1.17118e-17
10,13,8,0.0000000000000002
10,13,9,0.0000000000000006
10,13,10,9.26915e-18
10,13,11,5.28294e-20
10,13,12,1.6808e-22
10,13,13,3.16543e-26
10,13,14,5.44188e-29
10,13,15,7.1587e-34
10,13,16,0
10,14,1,1.6945e-53
10,14,2,2.32778e-44
10,14,3,3.60039e-38
10,14,4,3.24921e-33
10,14,5,9.49633e-29
10,14,6,2.2072e-25
10,14,7,6.10282e-23
10,14,8,1.25728e-21
10,14,9,2.67642e-21
10,14,10,7.83513e-23
10,14,11,4.0507e-25
10,14,12,2.64351e-27
10,14,13,5.44854e-29
10,14,14,1.30422e-32
10,14,15,1.02905e-35
10,14,16,0
10,15,1,1.0881e-61
10,15,2,7.98995e-52
10,15,3,4.0484e-45
10,15,4,7.93071e-40
10,15,5,4.74054e-35
10,15,6,2.79853e-31
10,15,7,1.1593e-28
10,15,8,1.97559e-27
10,15,9,5.37733e-27
10,15,10,1.48524e-28
10,15,11,1.33766e-30
10,15,12,2.45752e-32
10,15,13,7.47816e-34
10,15,14,1.02983e-35
10,15,15,3.2466e-40
10,15,16,0
10,16,1,0
10,16,2,0
10,16,3,0
10,16,4,0
10,16,5,0
10,16,6,0
10,16,7,0
10,16,8,0
10,16,9,0
10,16,10,0
10,16,11,0
10,16,12,0
10,16,13,0
10,16,14,0
10,16,15,0
10,16,16,0
11,1,1,9499026.3672535363584757
11,1,2,207147.2259489167772699
11,1,3,992.413813157766981
11,1,4,1.2678313383622344
11,1,5,0.0005518009231781
11,1,6,0.0000000930928699
11,1,7,0.0000000000051731
11,1,8,9.36204e-17
11,1,9,6.04334e-22
11,1,10,1.19763e-27
11,1,11,7.5781e-34
11,1,12,1.6865e-40
11,1,13,1.07755e-47
11,1,14,2.16209e-55
11,1,15,1.2542e-63
11,1,16,0
11,2,1,207903.2000922403240111
11,2,2,4386881.1969965109601617
11,2,3,148699.5140334238822106
11,2,4,760.8241332519045272
11,2,5,1.1825634126297098
11,2,6,0.0006914066176649
11,2,7,0.000000152550776
11,2,8,0.0000000000123614
11,2,9,0.0000000000000004
11,2,10,3.30635e-21
11,2,11,1.00807e-26
11,2,12,1.22879e-32
11,2,13,3.95339e-39
11,2,14,5.13966e-46
11,2,15,1.37376e-53
11,2,16,0
11,3,1,948.5534078140860856
11,3,2,148890.1219162487541325
11,3,3,1886566.1098638067487627
11,3,4,49650.3053990124317352
11,3,5,186.9576009771546978
11,3,6,0.2382872005630742
11,3,7,0.000110655280238
11,3,8,0.0000000223579759
11,3,9,0.0000000000014414
11,3,10,4.43193e-17
11,3,11,3.50897e-22
11,3,12,9.51118e-28
11,3,13,8.65906e-34
11,3,14,2.13643e-40
11,3,15,1.33834e-47
11,3,16,0
11,4,1,1.2151967012257483
11,4,2,723.1123074660633847
11,4,3,49638.883658509257657
11,4,4,821452.1008934517158195
11,4,5,14993.0243979383049009
11,4,6,36.8266176239916732
11,4,7,0.0288159796851367
11,4,8,0.0000095513256745
11,4,9,0.0000000012134646
11,4,10,0.0000000000000703
11,4,11,1.53009e-18
11,4,12,1.36256e-23
11,4,13,3.35223e-29
11,4,14,3.08747e-35
11,4,15,6.69308e-42
11,4,16,0
11,5,1,0.0005580387126003
11,5,2,1.144110712920517
11,5,3,180.8410181602900479
11,5,4,14992.2431553602782515
11,5,5,348243.9068298134370707
11,5,6,4384.3658925265654034
11,5,7,6.2659599272013331
11,5,8,0.0032647953466011
11,5,9,0.0000008181098302
11,5,10,0.0000000000786653
11,5,11,0.0000000000000034
11,5,12,5.48825e-20
11,5,13,2.79306e-25
11,5,14,4.44329e-31
11,5,15,2.69387e-37
11,5,16,0
11,6,1,0.0000000869539214
11,6,2,0.0006558721057051
11,6,3,0.2222591734429908
11,6,4,35.3058442734199076
11,6,5,4382.1381539336762216
11,6,6,124223.8268868090090109
11,6,7,831.5804808786119793
11,6,8,0.6465725859533724
11,6,9,0.0001807056078538
11,6,10,0.0000000253852401
11,6,11,0.000000000001611
11,6,12,4.37795e-17
11,6,13,4.70797e-22
11,6,14,2.37131e-27
11,6,15,2.54472e-33
11,6,16,0
11,7,1,0.000000000004455
11,7,2,0.0000001338026536
11,7,3,0.0001078383412217
11,7,4,0.0294552118058512
11,7,5,6.3810826133254759
11,7,6,831.5750377167710212
11,7,7,25576.3443357034666406
11,7,8,87.0517799112116677
11,7,9,0.029114603720222
11,7,10,0.0000033649022932
11,7,11,0.0000000002045563
11,7,12,0.0000000000000067
11,7,13,9.29513e-20
11,7,14,4.14836e-25
11,7,15,7.67997e-31
11,7,16,0
11,8,1,8.34751e-17
11,8,2,0.0000000000107642
11,8,3,0.0000000191307959
11,8,4,0.0000111314644979
11,8,5,0.003363614276221
11,8,6,0.6132994092779986
11,8,7,87.0303254016765351
11,8,8,1309.154794890206631
11,8,9,1.8534809899931675
11,8,10,0.0002098942156121
11,8,11,0.0000000088284405
11,8,12,0.0000000000001736
11,8,13,1.68498e-18
11,8,14,8.57803e-24
11,8,15,1.05188e-29
11,8,16,0
11,9,1,5.24199e-22
11,9,2,0.0000000000000003
11,9,3,0.000000000001272
11,9,4,0.0000000015775173
11,9,5,0.0000007946682181
11,9,6,0.000177723612623
11,9,7,0.0308761997586143
11,9,8,1.8531915412935154
11,9,9,2.5495824665303615
11,9,10,0.0015520032028691
11,9,11,0.00000006272937
11,9,12,0.000000000000829
11,9,13,5.38545e-18
11,9,14,1.64167e-23
11,9,15,1.70784e-29
11,9,16,0
11,10,1,1.0137e-27
11,10,2,2.71948e-21
11,10,3,3.0046e-17
11,10,4,0.0000000000000862
11,10,5,0.0000000000866162
11,10,6,0.0000000236749064
11,10,7,0.000004270071558
11,10,8,0.0002331091418806
11,10,9,0.0015518850766667
11,10,10,0.0000014537041878
11,10,11,0.0000000003494092
11,10,12,0.0000000000000069
11,10,13,6.71979e-20
11,10,14,2.91716e-25
11,10,15,6.40697e-31
11,10,16,0
11,11,1,7.24551e-34
11,11,2,7.94731e-27
11,11,3,2.71267e-22
11,11,4,2.01886e-18
11,11,5,0.0000000000000037
11,11,6,0.0000000000015552
11,11,7,0.0000000002498131
11,11,8,0.0000000092126875
11,11,9,0.0000000668570557
11,11,10,0.0000000003553298
11,11,11,0.0000000000001142
11,11,12,3.22817e-17
11,11,13,4.3013e-22
11,11,14,2.38123e-27
11,11,15,4.54522e-33
11,11,16,0
11,12,1,1.49628e-40
11,12,2,7.52317e-33
11,12,3,7.82186e-28
11,12,4,1.52985e-23
11,12,5,5.29833e-20
11,12,6,3.83776e-17
11,12,7,0.0000000000000082
11,12,8,0.0000000000002039
11,12,9,0.0000000000012722
11,12,10,0.0000000000000101
11,12,11,3.31996e-17
11,12,12,6.18281e-21
11,12,13,1.17815e-24
11,12,14,1.12108e-29
11,12,15,5.56943e-35
11,12,16,0
11,13,1,1.03888e-47
11,13,2,1.91404e-39
11,13,3,7.71258e-34
11,13,4,3.6909e-29
11,13,5,3.00306e-25
11,13,6,4.07001e-22
11,13,7,9.99219e-20
11,13,8,1.99005e-18
11,13,9,8.38933e-18
11,13,10,1.01647e-19
11,13,11,4.70628e-22
11,13,12,1.18341e-24
11,13,13,1.53309e-28
11,13,14,1.45015e-31
11,13,15,1.47259e-36
11,13,16,0
11,14,1,1.81884e-55
11,14,2,2.12973e-46
11,14,3,2.86461e-40
11,14,4,2.38911e-35
11,14,5,6.65783e-31
11,14,6,1.53013e-27
11,14,7,4.41136e-25
11,14,8,1.01629e-23
11,14,9,2.58596e-23
11,14,10,6.52336e-25
11,14,11,2.81287e-27
11,14,12,1.14996e-29
11,14,13,1.45174e-31
11,14,14,2.94628e-35
11,14,15,1.89026e-38
11,14,16,0
11,15,1,1.02506e-63
11,15,2,6.30295e-54
11,15,3,2.7375e-47
11,15,4,4.90683e-42
11,15,5,2.78319e-37
11,15,6,1.58486e-33
11,15,7,6.6912e-31
11,15,8,1.24579e-29
11,15,9,3.83653e-29
11,15,10,9.19438e-31
11,15,11,5.83918e-33
11,15,12,6.08801e-35
11,15,13,1.53464e-36
11,15,14,1.89165e-38
11,15,15,4.88899e-43
11,15,16,0
11,16,1,0
11,16,2,0
11,16,3,0
11,16,4,0
11,16,5,0
11,16,6,0
11,16,7,0
11,16,8,0
11,16,9,0
11,16,10,0
11,16,11,0
11,16,12,0
11,16,13,0
11,16,14,0
11,16,15,0
11,16,16,0
12,1,1,3341175.0947210099548101
12,1,2,24236.2733916220495303
12,1,3,46.5122041107722239
12,1,4,0.0314214952845179
12,1,5,0.0000094843005017
12,1,6,0.0000000013001837
12,1,7,0.0000000000000635
12,1,8,1.05006e-18
12,1,9,6.31659e-24
12,1,10,1.18291e-29
12,1,11,7.13344e-36
12,1,12,1.51564e-42
12,1,13,9.22966e-50
12,1,14,1.72757e-57
12,1,15,8.64284e-66
12,1,16,0
12,2,1,24269.3823329906081199
12,2,2,1392539.2187902687583119
12,2,3,15690.8659557744849735
12,2,4,31.6778650397585011
12,2,5,0.0259164349381711
12,2,6,0.000010540976195
12,2,7,0.0000000019000574
12,2,8,0.0000000000001355
12,2,9,3.60266e-18
12,2,10,3.0759e-23
12,2,11,8.8444e-29
12,2,12,1.01863e-34
12,2,13,3.10464e-41
12,2,14,3.7252e-48
12,2,15,8.52848e-56
12,2,16,0
12,3,1,44.4553375477083463
12,3,2,15697.6505960693993984
12,3,3,581429.4952275523683056
12,3,4,4952.0299003600275682
12,3,5,7.1846702040100592
12,3,6,0.0047383148636872
12,3,7,0.0000015275734429
12,3,8,0.0000000002511595
12,3,9,0.0000000000000143
12,3,10,3.96839e-19
12,3,11,2.91954e-24
12,3,12,7.41983e-30
12,3,13,6.33038e-36
12,3,14,1.43926e-42
12,3,15,7.68359e-50
12,3,16,0
12,4,1,0.030188529879922
12,4,2,30.1731878757433627
12,4,3,4951.45315132563519
12,4,4,249327.5328545499360189
12,4,5,1447.1467759461058904
12,4,6,1.3420567197518016
12,4,7,0.000536830431754
12,4,8,0.0000001224174989
12,4,9,0.0000000000126516
12,4,10,0.0000000000000006
12,4,11,1.2556e-20
12,4,12,1.02511e-25
12,4,13,2.33365e-31
12,4,14,1.94993e-37
12,4,15,3.55131e-44
12,4,16,0
12,5,1,0.0000095949562622
12,5,2,0.0251333932321325
12,5,3,6.9618803443814334
12,5,4,1447.0956258243566026
12,5,5,104436.3302669726253953
12,5,6,413.4176856962284887
12,5,7,0.2203696665580535
12,5,8,0.0000579188766843
12,5,9,0.0000000098863489
12,5,10,0.0000000000007682
12,5,11,2.92003e-17
12,5,12,4.17035e-22
12,5,13,1.93402e-27
12,5,14,2.7725e-33
12,5,15,1.39424e-39
12,5,16,0
12,6,1,0.0000000012163861
12,6,2,0.0000100284469956
12,6,3,0.0044376275396409
12,6,4,1.2898615242025147
12,6,5,413.3368924041768082
12,6,6,36813.9943460070790024
12,6,7,77.159993241137812
12,6,8,0.0221228734401584
12,6,9,0.0000030846167075
12,6,10,0.000000000292813
12,6,11,0.0000000000000149
12,6,12,3.46619e-19
12,6,13,3.29507e-24
12,6,14,1.45378e-29
12,6,15,1.27784e-35
12,6,16,0
12,7,1,0.0000000000000549
12,7,2,0.0000000016753748
12,7,3,0.0000014917665024
12,7,4,0.0005496532622199
12,7,5,0.2244877253384066
12,7,6,77.1591886717797877
12,7,7,7535.5011154568810525
12,7,8,8.0043073636442372
12,7,9,0.000981754013347
12,7,10,0.0000000562903653
12,7,11,0.0000000000022984
12,7,12,5.96897e-17
12,7,13,6.97786e-22
12,7,14,2.67439e-27
12,7,15,3.9699e-33
12,7,16,0
12,8,1,9.38962e-19
12,8,2,0.0000000000001186
12,8,3,0.0000000002162106
12,8,4,0.0000001425218769
12,8,5,0.000059672771693
12,8,6,0.0210162517170082
12,8,7,8.0035550592104627
12,8,8,384.4779552030422565
12,8,9,0.1696910112003844
12,8,10,0.0000070443813526
12,8,11,0.0000000001465005
12,8,12,0.0000000000000019
12,8,13,1.47046e-20
12,8,14,6.14519e-26
12,8,15,5.93893e-32
12,8,16,0
12,9,1,5.49747e-24
12,9,2,3.1012e-18
12,9,3,0.0000000000000126
12,9,4,0.0000000000163971
12,9,5,0.0000000096220452
12,9,6,0.0000030358959213
12,9,7,0.0010405605161854
12,9,8,0.1696805651310471
12,9,9,0.7468366407704673
12,9,10,0.0001416029771771
12,9,11,0.0000000020943317
12,9,12,0.0000000000000137
12,9,13,5.90076e-20
12,9,14,1.37716e-25
12,9,15,1.08903e-31
12,9,16,0
12,10,1,1.00583e-29
12,10,2,2.54463e-23
12,10,3,2.71692e-19
12,10,4,0.0000000000000008
12,10,5,0.0000000000008444
12,10,6,0.0000000002737087
12,10,7,0.00000007112017
12,10,8,0.0000078095745958
12,10,9,0.0001415984487168
12,10,10,0.0000001042130014
12,10,11,0.0000000000094752
12,10,12,9.56305e-17
12,10,13,6.46599e-22
12,10,14,2.20572e-27
12,10,15,3.68431e-33
12,10,16,0
12,11,1,6.83704e-36
12,11,2,7.01079e-29
12,11,3,2.27157e-24
12,11,4,1.65441e-20
12,11,5,3.09637e-17
12,11,6,0.0000000000000144
12,11,7,0.0000000000027993
12,11,8,0.0000000001528848
12,11,9,0.0000000022300773
12,11,10,0.0000000000095968
12,11,11,0.0000000000000023
12,11,12,3.46354e-19
12,11,13,3.44715e-24
12,11,14,1.54462e-29
12,11,15,2.10869e-35
12,11,16,0
12,12,1,1.35038e-42
12,12,2,6.29136e-35
12,12,3,6.13553e-30
12,12,4,1.15347e-25
12,12,5,4.03199e-22
12,12,6,3.05e-19
12,12,7,7.29189e-17
12,12,8,0.0000000000000023
12,12,9,0.0000000000000208
12,12,10,0.0000000000000001
12,12,11,3.56276e-19
12,12,12,5.37543e-23
12,12,13,7.85118e-27
12,12,14,5.35932e-32
12,12,15,1.50798e-37
12,12,16,0
12,13,1,8.91988e-50
12,13,2,1.52129e-41
12,13,3,5.66733e-36
12,13,4,2.57504e-31
12,13,5,2.07827e-27
12,13,6,2.85944e-24
12,13,7,7.50737e-22
12,13,8,1.73214e-20
12,13,9,9.12125e-20
12,13,10,9.67108e-22
12,13,11,3.77176e-24
12,13,12,7.88716e-27
12,13,13,7.9476e-31
12,13,14,4.04094e-34
12,13,15,2.98627e-39
12,13,16,0
12,14,1,1.46031e-57
12,14,2,1.56443e-48
12,14,3,1.92839e-42
12,14,4,1.52184e-37
12,14,5,4.12388e-33
12,14,6,9.46042e-30
12,14,7,2.84694e-27
12,14,8,7.26229e-26
12,14,9,2.15488e-25
12,14,10,4.84165e-27
12,14,11,1.82248e-29
12,14,12,5.46779e-32
12,14,13,4.04471e-34
12,14,14,6.57335e-38
12,14,15,3.38364e-41
12,14,16,0
12,15,1,7.10437e-66
12,15,2,3.95732e-56
12,15,3,1.55935e-49
12,15,4,2.6275e-44
12,15,5,1.43957e-39
12,15,6,8.03133e-36
12,15,7,3.47339e-33
12,15,8,7.01649e-32
12,15,9,2.41604e-31
12,15,10,5.22335e-33
12,15,11,2.68598e-35
12,15,12,1.62482e-37
12,15,13,3.10319e-39
12,15,14,3.38605e-41
12,15,15,7.17276e-46
12,15,16,0
12,16,1,0
12,16,2,0
12,16,3,0
12,16,4,0
12,16,5,0
12,16,6,0
12,16,7,0
12,16,8,0
12,16,9,0
12,16,10,0
12,16,11,0
12,16,12,0
12,16,13,0
12,16,14,0
12,16,15,0
12,16,16,0
13,1,1,947417.3522031554020941
13,1,2,2035.3499726929671851
13,1,3,1.4602787014530911
13,1,4,0.0005420746246619
13,1,5,0.0000001220034257
13,1,6,0.0000000000142725
13,1,7,0.0000000000000006
13,1,8,9.67111e-21
13,1,9,5.4851e-26
13,1,10,9.78346e-32
13,1,11,5.65504e-38
13,1,12,1.15301e-44
13,1,13,6.70962e-52
13,1,14,1.17201e-59
13,1,15,5.02219e-68
13,1,16,0
13,2,1,2036.3566486176027865
13,2,2,379978.3577342834323645
13,2,3,1260.2679150385492903
13,2,4,0.9362962959605291
13,2,5,0.0004169638628011
13,2,6,0.000000125924194
13,2,7,0.0000000000193247
13,2,8,0.0000000000000012
13,2,9,3.05218e-20
13,2,10,2.45066e-25
13,2,11,6.69221e-31
13,2,12,7.33303e-37
13,2,13,2.12398e-43
13,2,14,2.36085e-50
13,2,15,4.60715e-58
13,2,16,0
13,3,1,1.3956657658532687
13,3,2,1260.4517474074348229
13,3,3,157241.4456972506595775
13,3,4,388.9590156832177854
13,3,5,0.2041695598937847
13,3,6,0.0000721077864944
13,3,7,0.0000000171177647
13,3,8,0.0000000000023762
13,3,9,0.0000000000000001
13,3,10,3.09302e-21
13,3,11,2.13057e-26
13,3,12,5.10875e-32
13,3,13,4.10491e-38
13,3,14,8.61808e-45
13,3,15,3.9101e-52
13,3,16,0
13,4,1,0.0005214357086808
13,4,2,0.8927737583478658
13,4,3,388.9406709097430621
13,4,4,67074.6454580813297071
13,4,5,112.1951906464290971
13,4,6,0.0371610208993628
13,4,7,0.0000078638394834
13,4,8,0.0000000013055269
13,4,9,0.0000000000001133
13,4,10,5.07825e-18
13,4,11,9.12382e-23
13,4,12,6.89086e-28
13,4,13,1.45936e-33
13,4,14,1.11149e-39
13,4,15,1.70141e-46
13,4,16,0
13,5,1,0.0000001234573191
13,5,2,0.0004049071182015
13,5,3,0.1980143442068693
13,5,4,112.193448620616735
13,5,5,27978.201712686666724
13,5,6,31.7557711351475866
13,5,7,0.0059959489394783
13,5,8,0.0000008240612714
13,5,9,0.0000000001012512
13,5,10,0.0000000000000065
13,5,11,2.19415e-19
13,5,12,2.84214e-24
13,5,13,1.20916e-29
13,5,14,1.56895e-35
13,5,15,6.56474e-42
13,5,16,0
13,6,1,0.0000000000133634
13,6,2,0.0000001200117334
13,6,3,0.0000676892563859
13,6,4,0.0357595968677213
13,6,5,31.7535351371946462
13,6,6,9823.0567892367107561
13,6,7,5.8899084742969929
13,6,8,0.0005939404133767
13,6,9,0.0000000428861969
13,6,10,0.0000000000029025
13,6,11,0.0000000000000001
13,6,12,2.46545e-21
13,6,13,2.09243e-26
13,6,14,8.14939e-32
13,6,15,5.88707e-38
13,6,16,0
13,7,1,0.0000000000000005
13,7,2,0.0000000000170964
13,7,3,0.0000000167406899
13,7,4,0.0000080599085996
13,7,5,0.0061089788680356
13,7,6,5.889878032828709
13,7,7,2006.7460288526003751
13,7,8,0.6088497406315212
13,7,9,0.0000261715472693
13,7,10,0.0000000007731018
13,7,11,0.0000000000000224
13,7,12,4.72419e-19
13,7,13,4.74188e-24
13,7,14,1.57478e-29
13,7,15,1.88623e-35
13,7,16,0
13,8,1,8.66494e-21
13,8,2,0.0000000000000011
13,8,3,0.0000000000020538
13,8,4,0.0000000015190737
13,8,5,0.0000008490441721
13,8,6,0.0005646524793828
13,8,7,0.6088292502683892
13,8,8,102.2747663701335483
13,8,9,0.0128855134534526
13,8,10,0.0000001873423686
13,8,11,0.0000000000020016
13,8,12,1.86128e-17
13,8,13,1.14499e-22
13,8,14,3.99122e-28
13,8,15,3.06311e-34
13,8,16,0
13,9,1,4.78466e-26
13,9,2,2.63737e-20
13,9,3,0.0000000000000001
13,9,4,0.0000000000001465
13,9,5,0.0000000000986748
13,9,6,0.0000000422289865
13,9,7,0.0000277316465563
13,9,8,0.0128852251994596
13,9,9,0.1984761602109238
13,9,10,0.0000107371371182
13,9,11,0.0000000000555419
13,9,12,0.0000000000000002
13,9,13,5.61298e-22
13,9,14,1.03095e-27
13,9,15,6.27715e-34
13,9,16,0
13,10,1,8.34489e-32
13,10,2,2.03602e-25
13,10,3,2.13257e-21
13,10,4,6.2265e-18
13,10,5,0.0000000000000072
13,10,6,0.0000000000027174
13,10,7,0.0000000009742559
13,10,8,0.0000002075162264
13,10,9,0.0000107370088737
13,10,10,0.0000000070920735
13,10,11,0.0000000000002243
13,10,12,1.16038e-18
13,10,13,5.56058e-24
13,10,14,1.51428e-29
13,10,15,1.9514e-35
13,10,16,0
13,11,1,5.43177e-38
13,11,2,5.32627e-31
13,11,3,1.66687e-26
13,11,4,1.20088e-22
13,11,5,2.32491e-19
13,11,6,0.0000000000000001
13,11,7,0.0000000000000272
13,11,8,0.0000000000020888
13,11,9,0.0000000000591162
13,11,10,0.0000000000002266
13,11,11,4.38654e-17
13,11,12,3.42445e-21
13,11,13,2.53646e-26
13,11,14,9.3322e-32
13,11,15,9.6767e-38
13,11,16,0
13,12,1,1.03031e-44
13,12,2,4.55599e-37
13,12,3,4.24476e-32
13,12,4,7.76469e-28
13,12,5,2.75081e-24
13,12,6,2.17591e-21
13,12,7,5.76064e-19
13,12,8,2.17634e-17
13,12,9,0.0000000000000003
13,12,10,1.66079e-18
13,12,11,3.52353e-21
13,12,12,4.39395e-25
13,12,13,4.92686e-29
13,12,14,2.63168e-34
13,12,15,4.50081e-40
13,12,16,0
13,13,1,6.49787e-52
13,13,2,1.04927e-43
13,13,3,3.69175e-38
13,13,4,1.61306e-33
13,13,5,1.29899e-29
13,13,6,1.82161e-26
13,13,7,5.10456e-24
13,13,8,1.34603e-22
13,13,9,8.62814e-22
13,13,10,8.24399e-24
13,13,11,2.77582e-26
13,13,12,4.95005e-29
13,13,13,4.16673e-33
13,13,14,1.21353e-36
13,13,15,6.05339e-42
13,13,16,0
13,14,1,9.93681e-60
13,14,2,1.00114e-50
13,14,3,1.15574e-44
13,14,4,8.72966e-40
13,14,5,2.32067e-35
13,14,6,5.34025e-32
13,14,7,1.67789e-29
13,14,8,4.70722e-28
13,14,9,1.60462e-27
13,14,10,3.27452e-29
13,14,11,1.10083e-31
13,14,12,2.67791e-34
13,14,13,1.21443e-36
13,14,14,1.46968e-40
13,14,15,5.91957e-44
13,14,16,0
13,15,1,4.14338e-68
13,15,2,2.15752e-58
13,15,3,7.90285e-52
13,15,4,1.26815e-46
13,15,5,6.76951e-42
13,15,6,3.729e-38
13,15,7,1.65602e-35
13,15,8,3.61191e-34
13,15,9,1.37907e-33
13,15,10,2.74191e-35
13,15,11,1.22766e-37
13,15,12,4.78182e-40
13,15,13,6.26716e-42
13,15,14,5.9236e-44
13,15,15,1.02717e-48
13,15,16,0
13,16,1,0
13,16,2,0
13,16,3,0
13,16,4,0
13,16,5,0
13,16,6,0
13,16,7,0
13,16,8,0
13,16,9,0
13,16,10,0
13,16,11,0
13,16,12,0
13,16,13,0
13,16,14,0
13,16,15,0
13,16,16,0
14,1,1,233918.6894324663153384
14,1,2,134.7720557561143835
14,1,3,0.0345902745857059
14,1,4,0.0000074012360185
14,1,5,0.0000000013031367
14,1,6,0.0000000000001334
14,1,7,5.38495e-18
14,1,8,7.75586e-23
14,1,9,4.17514e-28
14,1,10,7.12836e-34
14,1,11,3.96499e-40
14,1,12,7.78517e-47
14,1,13,4.34025e-54
14,1,14,7.08683e-62
14,1,15,2.59801e-70
14,1,16,0
14,2,1,134.795528794103717
14,2,2,92689.4435710720281349
14,2,3,82.0209535874509896
14,2,4,0.0214976820139809
14,2,5,0.00000544636312
14,2,6,0.0000000012750789
14,2,7,0.0000000000001702
14,2,8,9.96192e-18
14,2,9,2.28604e-22
14,2,10,1.73645e-27
14,2,11,4.52422e-33
14,2,12,4.73698e-39
14,2,13,1.30764e-45
14,2,14,1.35032e-52
14,2,15,2.24595e-60
14,2,16,0
14,3,1,0.0330591107358581
14,3,2,82.0249804134191436
14,3,3,38259.487373489413585
14,3,4,25.1073442457870293
14,3,5,0.0045961202900451
14,3,6,0.0000009090167574
14,3,7,0.0000000001653497
14,3,8,0.0000000000000198
14,3,9,9.1274e-19
14,3,10,2.16011e-23
14,3,11,1.40059e-28
14,3,12,3.18244e-34
14,3,13,2.41706e-40
14,3,14,4.69751e-47
14,3,15,1.81239e-54
14,3,16,0
14,4,1,0.0000071246002817
14,4,2,0.0205093553700217
14,4,3,25.106908818752089
14,4,4,16294.3894695053186297
14,4,5,7.2075664503566443
14,4,6,0.000825773940921
14,4,7,0.0000000967274147
14,4,8,0.0000000000121525
14,4,9,0.0000000000000009
14,4,10,3.62825e-20
14,4,11,6.00034e-25
14,4,12,4.21713e-30
14,4,13,8.34355e-36
14,4,14,5.81375e-42
14,4,15,7.49511e-49
14,4,16,0
14,5,1,0.0000000013189103
14,5,2,0.0000052933671972
14,5,3,0.0044595633900998
14,5,4,7.2075239832159239
14,5,5,6788.0605293799626452
14,5,6,2.0331016575285075
14,5,7,0.0001320764204029
14,5,8,0.0000000099457473
14,5,9,0.000000000000914
14,5,10,5.00527e-17
14,5,11,1.49376e-21
14,5,12,1.76715e-26
14,5,13,6.93134e-32
14,5,14,8.17082e-38
14,5,15,2.85361e-44
14,5,16,0
14,6,1,0.0000000000001249
14,6,2,0.0000000012167374
14,6,3,0.0000008545848613
14,6,4,0.0007951176448355
14,6,5,2.033051950984321
14,6,6,2380.4056253518310768
14,6,7,0.3762344039617385
14,6,8,0.0000129967764221
14,6,9,0.0000000005098841
14,6,10,0.0000000000000256
14,6,11,8.92496e-19
14,6,12,1.60111e-23
14,6,13,1.22165e-28
14,6,14,4.22441e-34
14,6,15,2.51739e-40
14,6,16,0
14,7,1,4.67193e-18
14,7,2,0.000000000000151
14,7,3,0.0000000001618876
14,7,4,0.0000000992060303
14,7,5,0.0001345773730105
14,7,6,0.376233636627187
14,7,7,485.9956620289918874
14,7,8,0.0388416458180182
14,7,9,0.0000005706765292
14,7,10,0.0000000000091178
14,7,11,0.0000000000000002
14,7,12,3.39561e-21
14,7,13,2.95713e-26
14,7,14,8.56753e-32
14,7,15,8.32533e-38
14,7,16,0
14,8,1,6.95991e-23
14,8,2,8.77668e-18
14,8,3,0.0000000000000171
14,8,4,0.0000000000141347
14,8,5,0.00000001024761
14,8,6,0.0000123604723068
14,8,7,0.0388411938700175
14,8,8,24.7590973029412673
14,8,9,0.0008214679620855
14,8,10,0.0000000040796983
14,8,11,0.0000000000000235
14,8,12,1.60295e-19
14,8,13,8.10353e-25
14,8,14,2.38177e-30
14,8,15,1.46094e-36
14,8,16,0
14,9,1,3.64861e-28
14,9,2,1.98157e-22
14,9,3,8.13259e-19
14,9,4,0.0000000000000012
14,9,5,0.0000000000008916
14,9,6,0.000000000502236
14,9,7,0.0000006046151033
14,9,8,0.0008214615648413
14,9,9,0.0480245708670145
14,9,10,0.0000006840097933
14,9,11,0.0000000000012074
14,9,12,2.1736e-18
14,9,13,4.77035e-24
14,9,14,7.01723e-30
14,9,15,3.32075e-36
14,9,16,0
14,10,1,6.09551e-34
14,10,2,1.44776e-27
14,10,3,1.49801e-23
14,10,4,4.44686e-20
14,10,5,5.49134e-17
14,10,6,0.000000000000024
14,10,7,0.0000000000114711
14,10,8,0.0000000045171611
14,10,9,0.000000684006913
14,10,10,0.0000000004334737
14,10,11,0.0000000000000046
14,10,12,1.25385e-20
14,10,13,4.35386e-26
14,10,14,9.56412e-32
14,10,15,9.59419e-38
14,10,16,0
14,11,1,3.81573e-40
14,11,2,3.61304e-33
14,11,3,1.10109e-28
14,11,4,7.89044e-25
14,11,5,1.58182e-21
14,11,6,8.64554e-19
14,11,7,0.0000000000000002
14,11,8,0.0000000000000245
14,11,9,0.0000000000012848
14,11,10,0.0000000000000046
14,11,11,8.00058e-19
14,11,12,3.15449e-23
14,11,13,1.73331e-28
14,11,14,5.26914e-34
14,11,15,4.27201e-40
14,11,16,0
14,12,1,6.97327e-47
14,12,2,2.95725e-39
14,12,3,2.65551e-34
14,12,4,4.75733e-30
14,12,5,1.71193e-26
14,12,6,1.41665e-23
14,12,7,4.13434e-21
14,12,8,1.87178e-19
14,12,9,3.28034e-18
14,12,10,1.78264e-20
14,12,11,3.24671e-23
14,12,12,3.41585e-27
14,12,13,2.91389e-31
14,12,14,1.2737e-36
14,12,15,1.45959e-42
14,12,16,0
14,13,1,4.21099e-54
14,13,2,6.50286e-46
14,13,3,2.18267e-40
14,13,4,9.23593e-36
14,13,5,7.44511e-32
14,13,6,1.06651e-28
14,13,7,3.18477e-26
14,13,8,9.51086e-25
14,13,9,7.30144e-24
14,13,10,6.40898e-26
14,13,11,1.89729e-28
14,13,12,2.92797e-31
14,13,13,2.13512e-35
14,13,14,3.96753e-39
14,13,15,1.25018e-44
14,13,16,0
14,14,1,6.02256e-62
14,14,2,5.77294e-53
14,14,3,6.30738e-47
14,14,4,4.59056e-42
14,14,5,1.20288e-37
14,14,6,2.78512e-34
14,14,7,9.13595e-32
14,14,8,2.8043e-30
14,14,9,1.08741e-29
14,14,10,2.04217e-31
14,14,11,6.21614e-34
14,14,12,1.29477e-36
14,14,13,3.9698e-39
14,14,14,3.36007e-43
14,14,15,1.01611e-46
14,14,16,0
14,15,1,2.14956e-70
14,15,2,1.06026e-60
14,15,3,3.65268e-54
14,15,4,5.62268e-49
14,15,5,2.93872e-44
14,15,6,1.60561e-40
14,15,7,7.33126e-38
14,15,8,1.71996e-36
14,15,9,7.23631e-36
14,15,10,1.3384e-37
14,15,11,5.40979e-40
14,15,12,1.53427e-42
14,15,13,1.28811e-44
14,15,14,1.01677e-46
14,15,15,1.43856e-51
14,15,16,0
14,16,1,0
14,16,2,0
14,16,3,0
14,16,4,0
14,16,5,0
14,16,6,0
14,16,7,0
14,16,8,0
14,16,9,0
14,16,10,0
14,16,11,0
14,16,12,0
14,16,13,0
14,16,14,0
14,16,15,0
14,16,16,0
15,1,1,52019.5735031529693515
15,1,2,7.3873133935698325
15,1,3,0.0006632516850384
15,1,4,0.0000000855075975
15,1,5,0.0000000000121027
15,1,6,0.0000000000000011
15,1,7,4.09254e-20
15,1,8,5.55645e-25
15,1,9,2.85193e-30
15,1,10,4.67784e-36
15,1,11,2.51137e-42
15,1,12,4.76138e-49
15,1,13,2.54886e-56
15,1,14,3.89786e-64
15,1,15,1.22392e-72
15,1,16,0
15,2,1,7.3877597775541304
15,2,2,20543.4238806987232238
15,2,3,4.4677790288547135
15,2,4,0.0004053349486921
15,2,5,0.0000000609885812
15,2,6,0.0000000000113501
15,2,7,0.0000000000000013
15,2,8,7.17098e-20
15,2,9,1.54356e-24
15,2,10,1.11397e-29
15,2,11,2.77873e-35
15,2,12,2.78888e-41
15,2,13,7.35558e-48
15,2,14,7.07411e-55
15,2,15,1.00445e-62
15,2,16,0
15,3,1,0.0006338846601089
15,3,2,4.4678530092779631
15,3,3,8474.0168098645008286
15,3,4,1.3636891979145056
15,3,5,0.0000857626954924
15,3,6,0.0000000099289469
15,3,7,0.0000000000014176
15,3,8,0.0000000000000001
15,3,9,6.22582e-21
15,3,10,1.372e-25
15,3,11,8.40785e-31
15,3,12,1.81652e-36
15,3,13,1.30792e-42
15,3,14,2.35866e-49
15,3,15,7.752e-57
15,3,16,0
15,4,1,0.0000000823523437
15,4,2,0.0003868096985097
15,4,3,1.3636808506201494
15,4,4,3607.4347145998635824
15,4,5,0.390816015676185
15,4,6,0.0000153049056715
15,4,7,0.0000000010384913
15,4,8,0.0000000000001012
15,4,9,6.49027e-18
15,4,10,2.36134e-22
15,4,11,3.61424e-27
15,4,12,2.37445e-32
15,4,13,4.40389e-38
15,4,14,2.81613e-44
15,4,15,3.06527e-51
15,4,16,0
15,5,1,0.000000000012251
15,5,2,0.000000059310796
15,5,3,0.0000832343409796
15,5,4,0.3908151914068215
15,5,5,1502.289078195645061
15,5,6,0.110109506023319
15,5,7,0.000002436754828
15,5,8,0.0000000001053673
15,5,9,0.0000000000000074
15,5,10,3.48053e-19
15,5,11,9.3194e-24
15,5,12,1.0123e-28
15,5,13,3.67543e-34
15,5,14,3.94884e-40
15,5,15,1.15465e-46
15,5,16,0
15,6,1,0.000000000000001
15,6,2,0.0000000000108416
15,6,3,0.0000000093441705
15,6,4,0.0000147414059698
15,6,5,0.1101085843827149
15,6,6,526.6396000506351811
15,6,7,0.020360008602114
15,6,8,0.0000002389647892
15,6,9,0.0000000000053454
15,6,10,0.0000000000000002
15,6,11,6.01675e-21
15,6,12,9.583e-26
15,6,13,6.61003e-31
15,6,14,2.03908e-36
15,6,15,1.00599e-42
15,6,16,0
15,7,1,3.5553e-20
15,7,2,0.0000000000000012
15,7,3,0.0000000000013892
15,7,4,0.0000000010656066
15,7,5,0.0000024830054805
15,7,6,0.0203599935003003
15,7,7,107.5010057354294446
15,7,8,0.0021009241525438
15,7,9,0.0000000104732143
15,7,10,0.000000000000095
15,7,11,1.52593e-18
15,7,12,2.24011e-23
15,7,13,1.70614e-28
15,7,14,4.33667e-34
15,7,15,3.43521e-40
15,7,16,0
15,8,1,4.99298e-25
15,8,2,6.33358e-20
15,8,3,0.0000000000000001
15,8,4,0.0000000000001176
15,8,5,0.0000000001085685
15,8,6,0.0000002273089352
15,8,7,0.0021009158065632
15,8,8,5.475651373818522
15,8,9,0.0000444187452934
15,8,10,0.00000000007481
15,8,11,0.0000000000000002
15,8,12,1.25247e-21
15,8,13,5.26734e-27
15,8,14,1.31631e-32
15,8,15,6.48968e-39
15,8,16,0
15,9,1,2.49619e-30
15,9,2,1.34164e-24
15,9,3,5.55982e-21
15,9,4,8.36743e-18
15,9,5,0.0000000000000072
15,9,6,0.0000000000052665
15,9,7,0.000000011095322
15,9,8,0.0000444186267973
15,9,9,0.0106172288316358
15,9,10,0.0000000369683878
15,9,11,0.0000000000000221
15,9,12,2.24946e-20
15,9,13,3.67967e-26
15,9,14,4.38842e-32
15,9,15,1.62646e-38
15,9,16,0
15,10,1,4.00878e-36
15,10,2,9.31647e-30
15,10,3,9.5628e-26
15,10,4,2.89303e-22
15,10,5,3.81606e-19
15,10,6,0.0000000000000002
15,10,7,0.0000000000001194
15,10,8,0.0000000000828146
15,10,9,0.0000000369683341
15,10,10,0.000000000023087
15,10,11,8.14867e-17
15,10,12,1.22521e-22
15,10,13,3.13646e-28
15,10,14,5.60034e-34
15,10,15,4.40254e-40
15,10,16,0
15,11,1,2.42096e-42
15,11,2,2.22578e-35
15,11,3,6.63862e-31
15,11,4,4.74889e-27
15,11,5,9.86389e-24
15,11,6,5.83317e-21
15,11,7,1.84964e-18
15,11,8,0.0000000000000003
15,11,9,0.0000000000000235
15,11,10,8.21356e-17
15,11,11,1.33269e-20
15,11,12,2.72203e-25
15,11,13,1.10744e-30
15,11,14,2.78977e-36
15,11,15,1.79406e-42
15,11,16,0
15,12,1,4.27374e-49
15,12,2,1.74845e-41
15,12,3,1.52156e-36
15,12,4,2.68129e-32
15,12,5,9.81487e-29
15,12,6,8.49762e-26
15,12,7,2.724e-23
15,12,8,1.46101e-21
15,12,9,3.38724e-20
15,12,10,1.73349e-22
15,12,11,2.80235e-25
15,12,12,2.54233e-29
15,12,13,1.6284e-33
15,12,14,5.94755e-39
15,12,15,4.95156e-45
15,12,16,0
15,13,1,2.47702e-56
15,13,2,3.67938e-48
15,13,3,1.18543e-42
15,13,4,4.88147e-38
15,13,5,3.94748e-34
15,13,6,5.78496e-31
15,13,7,1.83823e-28
15,13,8,6.17377e-27
15,13,9,5.61278e-26
15,13,10,4.58966e-28
15,13,11,1.21247e-30
15,13,12,1.63645e-33
15,13,13,1.05271e-37
15,13,14,1.38693e-41
15,13,15,2.68863e-47
15,13,16,0
15,14,1,3.31922e-64
15,14,2,3.04632e-55
15,14,3,3.17078e-49
15,14,4,2.23429e-44
15,14,5,5.78924e-40
15,14,6,1.35168e-36
15,14,7,4.62787e-34
15,14,8,1.54761e-32
15,14,9,6.77522e-32
15,14,10,1.1828e-33
15,14,11,3.29201e-36
15,14,12,6.04458e-39
15,14,13,1.38754e-41
15,14,14,8.03398e-46
15,14,15,1.72116e-49
15,14,16,0
15,15,1,1.01518e-72
15,15,2,4.77632e-63
15,15,3,1.55863e-56
15,15,4,2.31299e-51
15,15,5,1.18764e-46
15,15,6,6.45627e-43
15,15,7,3.03326e-40
15,15,8,7.63002e-39
15,15,9,3.51937e-38
15,15,10,6.10415e-40
15,15,11,2.26985e-42
15,15,12,5.17153e-45
15,15,13,2.75392e-47
15,15,14,1.7222e-49
15,15,15,1.9752e-54
15,15,16,0
15,16,1,0
15,16,2,0
15,16,3,0
15,16,4,0
15,16,5,0
15,16,6,0
15,16,7,0
15,16,8,0
15,16,9,0
15,16,10,0
15,16,11,0
15,16,12,0
15,16,13,0
15,16,14,0
15,16,15,0
15,16,16,0
16,1,1,10559.7005477423990669
16,1,2,0.343530625762081
16,1,3,0.0000107516637506
16,1,4,0.0000000008656781
16,1,5,0.0000000000001
16,1,6,8.11022e-18
16,1,7,2.80646e-22
16,1,8,3.60714e-27
16,1,9,1.77137e-32
16,1,10,2.79927e-38
16,1,11,1.45402e-44
16,1,12,2.6677e-51
16,1,13,1.3739e-58
16,1,14,1.97135e-66
16,1,15,5.31134e-75
16,1,16,0
16,2,1,0.3435378285085166
16,2,2,4166.6694159302314802
16,2,3,0.2073091308031963
16,2,4,0.0000065083264219
16,2,5,0.0000000006030876
16,2,6,0.0000000000000905
16,2,7,9.44296e-18
16,2,8,4.68829e-22
16,2,9,9.50645e-27
16,2,10,6.54047e-32
16,2,11,1.56633e-37
16,2,12,1.51078e-43
16,2,13,3.81514e-50
16,2,14,3.42447e-57
16,2,15,4.15907e-65
16,2,16,0
16,3,1,0.0000102755375458
16,3,2,0.2073103011783834
16,3,3,1718.4337228572030654
16,3,4,0.0632138474064549
16,3,5,0.0000013691440298
16,3,6,0.0000000000963805
16,3,7,0.000000000000011
16,3,8,1.00295e-18
16,3,9,3.882e-23
16,3,10,8.00154e-28
16,3,11,4.65001e-33
16,3,12,9.57925e-39
16,3,13,6.55472e-45
16,3,14,1.09917e-51
16,3,15,3.08326e-59
16,3,16,0
16,4,1,0.0000000008340409
16,4,2,0.0000062118590893
16,4,3,0.0632137121773733
16,4,4,731.4656047024229792
16,4,5,0.0181058217976658
16,4,6,0.0000002434257168
16,4,7,0.0000000000099532
16,4,8,0.0000000000000008
16,4,9,4.26903e-20
16,4,10,1.41268e-24
16,4,11,2.01e-29
16,4,12,1.23896e-34
16,4,13,2.16045e-40
16,4,14,1.27126e-46
16,4,15,1.17108e-53
16,4,16,0
16,5,1,0.0000000000001013
16,5,2,0.0000000005867611
16,5,3,0.0000013289564364
16,5,4,0.0181058083584633
16,5,5,304.5856503716416341
16,5,6,0.0050990843400242
16,5,7,0.0000000386599002
16,5,8,0.000000000001
16,5,9,5.48793e-17
16,5,10,2.22222e-21
16,5,11,5.36989e-26
16,5,12,5.37945e-31
16,5,13,1.81419e-36
16,5,14,1.78144e-42
16,5,15,4.37343e-49
16,5,16,0
16,6,1,7.60413e-18
16,6,2,0.0000000000000866
16,6,3,0.0000000000907749
16,6,4,0.0000002345041017
16,6,5,0.0050990696769881
16,6,6,106.7651247911969392
16,6,7,0.0009425906454433
16,6,8,0.0000000037841487
16,6,9,0.0000000000000503
16,6,10,1.47952e-18
16,6,11,3.73996e-23
16,6,12,5.32121e-28
16,6,13,3.33373e-33
16,6,14,9.21194e-39
16,6,15,3.77494e-45
16,6,16,0
16,7,1,2.44085e-22
16,7,2,8.408e-18
16,7,3,0.0000000000000108
16,7,4,0.0000000000102166
16,7,5,0.0000000393946372
16,7,6,0.0009425903975754
16,7,7,21.7919846804604944
16,7,8,0.000097246224795
16,7,9,0.000000000165674
16,7,10,0.0000000000000009
16,7,11,1.09904e-20
16,7,12,1.36616e-25
16,7,13,9.16053e-31
16,7,14,2.05271e-36
16,7,15,1.33115e-42
16,7,16,0
16,8,1,3.24525e-27
16,8,2,4.14991e-22
16,8,3,8.73961e-19
16,8,4,0.0000000000000009
16,8,5,0.0000000000010304
16,8,6,0.0000000035999464
16,8,7,0.0000972460923079
16,8,8,1.1098573574084334
16,8,9,0.0000020556396559
16,8,10,0.0000000000011827
16,8,11,2.28636e-18
16,8,12,8.96576e-24
16,8,13,3.16673e-29
16,8,14,6.77545e-35
16,8,15,2.69842e-41
16,8,16,0
16,9,1,1.55259e-32
16,9,2,8.28303e-27
16,9,3,3.47373e-23
16,9,4,5.49679e-20
16,9,5,5.36159e-17
16,9,6,0.0000000000000496
16,9,7,0.0000000001755087
16,9,8,0.0000020556377719
16,9,9,0.0021513196659179
16,9,10,0.0000000017101667
16,9,11,0.0000000000000003
16,9,12,2.09574e-22
16,9,13,2.60113e-28
16,9,14,2.53924e-34
16,9,15,7.41894e-41
16,9,16,0
16,10,1,2.40356e-38
16,10,2,5.48522e-32
16,10,3,5.60225e-28
16,10,4,1.73017e-24
16,10,5,2.43514e-21
16,10,6,1.38933e-18
16,10,7,0.0000000000000011
16,10,8,0.0000000000013091
16,10,9,0.0000000017101659
16,10,10,0.0000000000010626
16,10,11,1.26462e-18
16,10,12,1.09368e-24
16,10,13,2.0927e-30
16,10,14,3.05674e-36
16,10,15,1.89352e-42
16,10,16,0
16,11,1,1.40384e-44
16,11,2,1.25806e-37
16,11,3,3.68591e-33
16,11,4,2.63911e-29
16,11,5,5.6813e-26
16,11,6,3.62846e-23
16,11,7,1.33083e-20
16,11,8,2.38605e-18
16,11,9,0.0000000000000004
16,11,10,1.27412e-18
16,11,11,1.99785e-22
16,11,12,2.20569e-27
16,11,13,6.64538e-33
16,11,14,1.38955e-38
16,11,15,7.1425e-45
16,11,16,0
16,12,1,2.39898e-51
16,12,2,9.50803e-44
16,12,3,8.05163e-39
16,12,4,1.40034e-34
16,12,5,5.21977e-31
16,12,6,4.72771e-28
16,12,7,1.65948e-25
16,12,8,1.04499e-23
16,12,9,3.15064e-22
16,12,10,1.54183e-24
16,12,11,2.2713e-27
16,12,12,1.81718e-31
16,12,13,8.6242e-36
16,12,14,2.65538e-41
16,12,15,1.69275e-47
16,12,16,0
16,13,1,1.33718e-58
16,13,2,1.91856e-50
16,13,3,5.96072e-45
16,13,4,2.39773e-40
16,13,5,1.94836e-36
16,13,6,2.92413e-33
16,13,7,9.87349e-31
16,13,8,3.70747e-29
16,13,9,3.95653e-28
16,13,10,3.04712e-30
16,13,11,7.27702e-33
16,13,12,8.66784e-36
16,13,13,4.96609e-40
16,13,14,5.01445e-44
16,13,15,6.12307e-50
16,13,16,0
16,14,1,1.68178e-66
16,14,2,1.48444e-57
16,14,3,1.47923e-51
16,14,4,1.01303e-46
16,14,5,2.60197e-42
16,14,6,6.13663e-39
16,14,7,2.19209e-36
16,14,8,7.9562e-35
16,14,9,3.90786e-34
16,14,10,6.39448e-36
16,14,11,1.64025e-38
16,14,12,2.69904e-41
16,14,13,5.01632e-44
16,14,14,2.04121e-48
16,14,15,2.90094e-52
16,14,16,0
16,15,1,4.41538e-75
16,15,2,1.99086e-65
16,15,3,6.186e-59
16,15,4,8.88438e-54
16,15,5,4.49352e-49
16,15,6,2.43646e-45
16,15,7,1.17831e-42
16,15,8,3.16892e-41
16,15,9,1.59544e-40
16,15,10,2.61141e-42
16,15,11,9.03258e-45
16,15,12,1.76224e-47
16,15,13,6.23197e-50
16,15,14,2.90255e-52
16,15,15,2.66795e-57
16,15,16,0
16,16,1,0
16,16,2,0
16,16,3,0
16,16,4,0
16,16,5,0
16,16,6,0
16,16,7,0
16,16,8,0
16,16,9,0
16,16,10,0
16,16,11,0
16,16,12,0
16,16,13,0
16,16,14,0
16,16,15,0
16,16,16,0
